mine_id,year,month,mine_name,daily_production,equipment_downtime_hrs,rainfall_mm,blasting_delay_days,workers_present,target_tonnes,actual_tonnes,is_shortfall
MN01,2015,1,Balaghat,72.22,4.7,4.9,1,200.0,2876.0,2238.7,1
MN01,2015,2,Balaghat,80.87,4.1,3.1,1,200.0,2876.0,2264.4,1
MN01,2015,3,Balaghat,71.29,4.84,25.7,1,200.0,2876.0,2210.1,1
MN01,2015,4,Balaghat,67.09,4.51,7.3,1,200.0,2584.7,2012.6,1
MN01,2015,5,Balaghat,64.63,4.8,5.6,1,200.0,2584.7,2003.4,1
MN01,2015,6,Balaghat,57.0,7.83,50.8,4,200.0,2584.7,1709.9,1
MN01,2015,7,Balaghat,50.88,9.82,102.6,3,200.0,2584.7,1577.4,1
MN01,2015,8,Balaghat,59.71,5.8,107.7,2,200.0,2584.7,1851.0,1
MN01,2015,9,Balaghat,61.66,6.47,38.8,1,200.0,2584.7,1849.8,1
MN01,2015,10,Balaghat,64.14,5.15,1.8,0,200.0,2584.7,1988.5,1
MN01,2015,11,Balaghat,70.16,3.49,0.3,0,200.0,2584.7,2104.9,1
MN01,2015,12,Balaghat,62.72,5.46,1.9,0,200.0,2584.7,1944.3,1
MN01,2016,1,Balaghat,65.05,4.5,0.6,1,200.0,2584.7,2016.4,1
MN01,2016,2,Balaghat,70.64,4.11,4.2,1,200.0,2584.7,2048.7,1
MN01,2016,3,Balaghat,64.71,4.78,13.5,1,200.0,2584.7,2006.0,1
MN01,2016,4,Balaghat,66.94,3.45,3.3,0,200.0,2472.3,2008.2,1
MN01,2016,5,Balaghat,62.91,4.27,2.3,0,200.0,2472.3,1950.2,1
MN01,2016,6,Balaghat,58.18,6.83,31.8,1,200.0,2472.3,1745.4,1
MN01,2016,7,Balaghat,47.17,8.46,100.8,7,200.0,2472.3,1462.4,1
MN01,2016,8,Balaghat,56.48,6.24,57.6,1,200.0,2472.3,1750.9,1
MN01,2016,9,Balaghat,58.61,6.67,32.3,1,200.0,2472.3,1758.2,1
MN01,2016,10,Balaghat,64.04,3.35,17.4,1,200.0,2472.3,1985.3,1
MN01,2016,11,Balaghat,64.94,4.25,0.3,0,200.0,2472.3,1948.2,1
MN01,2016,12,Balaghat,64.35,3.66,0.0,2,200.0,2472.3,1995.0,1
MN01,2017,1,Balaghat,64.76,3.41,0.5,1,200.0,2472.3,2007.7,1
MN01,2017,2,Balaghat,71.6,3.52,1.4,0,200.0,2472.3,2004.8,1
MN01,2017,3,Balaghat,64.56,3.58,0.1,1,200.0,2472.3,2001.3,1
MN01,2017,4,Balaghat,68.36,5.39,0.2,1,200.0,2697.1,2050.8,1
MN01,2017,5,Balaghat,66.78,5.03,5.7,1,200.0,2697.1,2070.2,1
MN01,2017,6,Balaghat,61.32,7.43,43.7,3,200.0,2697.1,1839.7,1
MN01,2017,7,Balaghat,56.85,7.93,73.5,3,200.0,2697.1,1762.3,1
MN01,2017,8,Balaghat,60.53,6.46,142.1,2,200.0,2697.1,1876.4,1
MN01,2017,9,Balaghat,64.53,6.23,37.5,1,200.0,2697.1,1935.8,1
MN01,2017,10,Balaghat,64.54,5.71,10.2,1,200.0,2697.1,2000.7,1
MN01,2017,11,Balaghat,70.18,4.47,0.8,0,200.0,2697.1,2105.5,1
MN01,2017,12,Balaghat,70.28,3.5,0.0,1,200.0,2697.1,2178.5,1
MN01,2018,1,Balaghat,68.68,4.12,0.0,1,200.0,2697.1,2129.1,1
MN01,2018,2,Balaghat,75.57,4.32,14.7,0,200.0,2697.1,2116.1,1
MN01,2018,3,Balaghat,69.39,3.85,1.0,0,200.0,2697.1,2151.0,1
MN01,2018,4,Balaghat,76.13,4.36,3.3,1,200.0,2921.9,2283.8,1
MN01,2018,5,Balaghat,73.66,4.48,2.7,0,200.0,2921.9,2283.4,1
MN01,2018,6,Balaghat,68.04,6.9,32.3,2,200.0,2921.9,2041.3,1
MN01,2018,7,Balaghat,64.81,6.39,71.3,3,200.0,2921.9,2009.2,1
MN01,2018,8,Balaghat,62.84,7.67,222.2,2,200.0,2921.9,1948.0,1
MN01,2018,9,Balaghat,69.21,6.81,39.1,1,200.0,2921.9,2076.3,1
MN01,2018,10,Balaghat,73.14,4.58,0.2,1,200.0,2921.9,2267.2,1
MN01,2018,11,Balaghat,75.75,4.49,0.4,0,200.0,2921.9,2272.4,1
MN01,2018,12,Balaghat,75.98,3.62,22.5,1,200.0,2921.9,2355.3,1
MN01,2019,1,Balaghat,75.31,3.98,22.8,1,200.0,2921.9,2334.7,1
MN01,2019,2,Balaghat,81.08,4.63,3.1,0,200.0,2921.9,2270.4,1
MN01,2019,3,Balaghat,74.32,4.34,23.7,0,200.0,2921.9,2304.0,1
MN01,2019,4,Balaghat,77.49,5.06,0.3,1,200.0,3034.2,2324.6,1
MN01,2019,5,Balaghat,77.77,3.96,0.1,1,200.0,3034.2,2410.7,1
MN01,2019,6,Balaghat,69.68,7.54,37.8,1,200.0,3034.2,2090.5,1
MN01,2019,7,Balaghat,63.34,7.55,63.3,5,200.0,3034.2,1963.6,1
MN01,2019,8,Balaghat,65.0,6.97,83.6,4,200.0,3034.2,2015.0,1
MN01,2019,9,Balaghat,63.63,8.5,80.5,3,200.0,3034.2,1909.0,1
MN01,2019,10,Balaghat,79.44,3.14,8.7,1,200.0,3034.2,2462.5,1
MN01,2019,11,Balaghat,80.52,3.99,0.2,1,200.0,3034.2,2415.6,1
MN01,2019,12,Balaghat,76.87,4.42,9.0,0,200.0,3034.2,2382.9,1
MN01,2020,1,Balaghat,74.17,5.26,10.4,1,200.0,3034.2,2299.2,1
MN01,2020,2,Balaghat,81.91,4.4,13.4,0,200.0,3034.2,2375.5,1
MN01,2020,3,Balaghat,76.02,4.49,17.9,1,200.0,3034.2,2356.6,1
MN01,2020,4,Balaghat,72.58,4.8,5.8,1,200.0,2809.5,2177.4,1
MN01,2020,5,Balaghat,71.36,4.25,0.4,0,200.0,2809.5,2212.3,1
MN01,2020,6,Balaghat,64.68,6.96,93.7,2,200.0,2809.5,1940.4,1
MN01,2020,7,Balaghat,60.22,7.94,28.9,1,200.0,2809.5,1866.9,1
MN01,2020,8,Balaghat,59.18,7.22,141.3,3,200.0,2809.5,1834.5,1
MN01,2020,9,Balaghat,64.93,7.13,28.9,1,200.0,2809.5,1948.0,1
MN01,2020,10,Balaghat,70.45,4.5,16.7,1,200.0,2809.5,2183.8,1
MN01,2020,11,Balaghat,72.75,4.54,2.8,0,200.0,2809.5,2182.6,1
MN01,2020,12,Balaghat,71.12,4.3,0.2,2,200.0,2809.5,2204.7,1
MN01,2021,1,Balaghat,69.04,5.19,4.6,1,200.0,2809.5,2140.1,1
MN01,2021,2,Balaghat,77.87,4.62,8.6,0,200.0,2809.5,2180.4,1
MN01,2021,3,Balaghat,71.63,4.26,0.6,0,200.0,2809.5,2220.4,1
MN01,2021,4,Balaghat,77.54,3.99,0.4,1,200.0,2921.9,2326.2,1
MN01,2021,5,Balaghat,72.39,4.86,16.0,0,200.0,2921.9,2244.2,1
MN01,2021,6,Balaghat,64.43,7.92,38.1,3,200.0,2921.9,1932.8,1
MN01,2021,7,Balaghat,62.78,7.84,48.5,2,200.0,2921.9,1946.3,1
MN01,2021,8,Balaghat,62.82,8.02,52.3,1,200.0,2921.9,1947.4,1
MN01,2021,9,Balaghat,66.97,6.92,69.8,2,200.0,2921.9,2009.2,1
MN01,2021,10,Balaghat,74.25,4.3,13.6,1,200.0,2921.9,2301.7,1
MN01,2021,11,Balaghat,74.86,4.74,13.0,0,200.0,2921.9,2245.7,1
MN01,2021,12,Balaghat,71.78,5.04,25.9,1,200.0,2921.9,2225.1,1
MN01,2022,1,Balaghat,73.01,4.79,3.9,0,200.0,2921.9,2263.3,1
MN01,2022,2,Balaghat,80.4,4.58,2.4,0,200.0,2921.9,2251.2,1
MN01,2022,3,Balaghat,73.39,4.5,0.4,1,200.0,2921.9,2275.1,1
MN01,2022,4,Balaghat,77.66,4.98,0.0,1,200.0,3034.2,2329.7,1
MN01,2022,5,Balaghat,74.94,5.09,7.2,1,200.0,3034.2,2323.2,1
MN01,2022,6,Balaghat,67.06,8.35,29.0,1,200.0,3034.2,2011.7,1
MN01,2022,7,Balaghat,64.84,7.16,52.9,2,200.0,3034.2,2010.0,1
MN01,2022,8,Balaghat,62.63,7.7,61.6,5,200.0,3034.2,1941.4,1
MN01,2022,9,Balaghat,67.7,7.71,39.2,3,200.0,3034.2,2030.9,1
MN01,2022,10,Balaghat,72.72,5.43,22.7,0,200.0,3034.2,2254.4,1
MN01,2022,11,Balaghat,77.88,4.94,0.0,1,200.0,3034.2,2336.4,1
MN01,2022,12,Balaghat,75.92,4.65,4.5,0,200.0,3034.2,2353.5,1
MN01,2023,1,Balaghat,74.24,5.34,1.5,0,200.0,3034.2,2301.6,1
MN01,2023,2,Balaghat,83.23,4.96,0.0,1,200.0,3034.2,2330.4,1
MN01,2023,3,Balaghat,72.42,5.88,5.6,0,200.0,3034.2,2245.0,1
MN01,2023,4,Balaghat,91.37,5.0,23.5,0,200.0,3596.1,2741.2,1
MN01,2023,5,Balaghat,89.32,4.94,13.2,1,200.0,3596.1,2769.0,1
MN01,2023,6,Balaghat,78.71,8.16,87.4,4,200.0,3596.1,2361.2,1
MN01,2023,7,Balaghat,72.51,8.62,49.3,3,200.0,3596.1,2247.7,1
MN01,2023,8,Balaghat,75.4,8.18,111.1,3,200.0,3596.1,2337.5,1
MN01,2023,9,Balaghat,79.48,8.04,47.6,2,200.0,3596.1,2384.4,1
MN01,2023,10,Balaghat,89.49,4.74,0.6,0,200.0,3596.1,2774.2,1
MN01,2023,11,Balaghat,90.21,5.56,9.7,0,200.0,3596.1,2706.3,1
MN01,2023,12,Balaghat,88.36,5.29,11.7,0,200.0,3596.1,2739.1,1
MN01,2024,1,Balaghat,86.88,5.53,7.9,0,200.0,3596.1,2693.3,1
MN01,2024,2,Balaghat,92.11,5.79,16.0,0,200.0,3596.1,2671.3,1
MN01,2024,3,Balaghat,88.01,5.23,20.1,0,200.0,3596.1,2728.3,1
MN01,2024,4,Balaghat,98.13,6.39,14.9,0,200.0,4045.6,2943.8,1
MN01,2024,5,Balaghat,96.11,6.0,12.2,0,200.0,4045.6,2979.4,1
MN01,2024,6,Balaghat,93.9,7.08,34.4,1,200.0,4045.6,2817.0,1
MN01,2024,7,Balaghat,71.95,9.74,61.6,8,200.0,4045.6,2230.3,1
MN01,2024,8,Balaghat,80.45,7.98,40.1,8,200.0,4045.6,2494.1,1
MN01,2024,9,Balaghat,90.96,7.57,140.1,1,200.0,4045.6,2728.9,1
MN01,2024,10,Balaghat,99.86,4.92,9.7,1,200.0,4045.6,3095.7,1
MN01,2024,11,Balaghat,100.62,5.76,0.0,1,200.0,4045.6,3018.7,1
MN01,2024,12,Balaghat,99.65,5.24,1.6,0,200.0,4045.6,3089.2,1
MN02,2015,1,Ukwa,17.46,4.95,5.4,1,89.8,531.0,541.2,0
MN02,2015,2,Ukwa,19.72,4.58,2.0,0,90.3,531.0,552.1,0
MN02,2015,3,Ukwa,17.13,5.31,30.1,1,89.3,531.0,531.1,0
MN02,2015,4,Ukwa,16.33,4.77,9.4,1,89.5,477.2,489.9,0
MN02,2015,5,Ukwa,15.91,4.56,4.1,1,89.8,477.2,493.2,0
MN02,2015,6,Ukwa,15.05,6.33,33.6,2,89.6,477.2,451.6,1
MN02,2015,7,Ukwa,14.15,6.74,147.7,2,88.6,477.2,438.8,1
MN02,2015,8,Ukwa,13.8,7.47,96.5,2,89.3,477.2,427.7,1
MN02,2015,9,Ukwa,15.56,5.84,29.1,2,90.4,477.2,466.8,1
MN02,2015,10,Ukwa,15.85,4.77,7.1,0,89.9,477.2,491.2,0
MN02,2015,11,Ukwa,16.08,4.96,0.5,0,88.5,477.2,482.5,0
MN02,2015,12,Ukwa,15.71,5.34,1.9,1,90.6,477.2,486.9,0
MN02,2016,1,Ukwa,15.83,4.87,3.1,0,90.3,477.2,490.7,0
MN02,2016,2,Ukwa,16.57,5.03,14.7,0,88.9,477.2,480.4,0
MN02,2016,3,Ukwa,15.69,5.07,9.7,0,90.4,477.2,486.4,0
MN02,2016,4,Ukwa,15.15,5.34,5.7,1,88.9,456.4,454.4,1
MN02,2016,5,Ukwa,15.07,4.68,2.1,1,89.9,456.4,467.2,0
MN02,2016,6,Ukwa,14.58,6.13,30.6,1,89.2,456.4,437.2,1
MN02,2016,7,Ukwa,10.98,8.43,71.1,8,88.1,456.4,340.3,1
MN02,2016,8,Ukwa,13.27,7.62,41.0,1,90.2,456.4,411.5,1
MN02,2016,9,Ukwa,14.7,5.95,26.5,2,90.1,456.4,440.9,1
MN02,2016,10,Ukwa,15.06,4.63,15.3,1,88.5,456.4,466.7,0
MN02,2016,11,Ukwa,15.94,4.62,0.2,0,90.0,456.4,478.0,0
MN02,2016,12,Ukwa,15.01,5.1,0.0,1,89.7,456.4,465.2,0
MN02,2017,1,Ukwa,15.51,4.88,2.1,0,91.6,456.4,481.0,0
MN02,2017,2,Ukwa,16.9,4.74,4.0,1,90.4,456.4,473.1,0
MN02,2017,3,Ukwa,15.14,4.77,2.0,0,89.8,456.4,469.2,0
MN02,2017,4,Ukwa,17.21,4.91,0.8,0,90.3,497.9,516.2,0
MN02,2017,5,Ukwa,16.37,5.07,3.2,0,89.6,497.9,507.4,0
MN02,2017,6,Ukwa,15.86,5.85,32.5,2,89.1,497.9,476.0,1
MN02,2017,7,Ukwa,14.55,6.97,87.4,2,89.0,497.9,450.9,1
MN02,2017,8,Ukwa,14.22,7.24,56.3,3,88.7,497.9,441.0,1
MN02,2017,9,Ukwa,15.95,6.07,27.0,1,89.7,497.9,478.4,1
MN02,2017,10,Ukwa,16.01,5.49,20.3,0,90.3,497.9,496.3,1
MN02,2017,11,Ukwa,16.82,5.03,1.5,1,89.4,497.9,504.4,0
MN02,2017,12,Ukwa,16.68,4.75,0.0,2,90.7,497.9,517.1,0
MN02,2018,1,Ukwa,16.37,5.02,0.0,0,89.4,497.9,507.4,0
MN02,2018,2,Ukwa,18.43,4.69,28.4,1,90.2,497.9,516.1,0
MN02,2018,3,Ukwa,16.44,4.92,1.1,0,89.8,497.9,509.8,0
MN02,2018,4,Ukwa,18.59,4.78,9.0,0,90.2,539.4,557.6,0
MN02,2018,5,Ukwa,18.03,4.78,4.1,1,90.7,539.4,558.9,0
MN02,2018,6,Ukwa,17.27,6.28,28.9,2,90.6,539.4,518.2,1
MN02,2018,7,Ukwa,15.67,6.34,64.5,4,88.5,539.4,485.9,1
MN02,2018,8,Ukwa,15.49,7.61,124.4,1,89.8,539.4,480.1,1
MN02,2018,9,Ukwa,17.26,6.37,32.1,2,90.8,539.4,517.9,1
MN02,2018,10,Ukwa,17.67,5.18,0.9,0,89.9,539.4,547.7,0
MN02,2018,11,Ukwa,18.73,4.73,1.2,0,90.3,539.4,561.8,0
MN02,2018,12,Ukwa,17.6,5.08,20.5,0,89.2,539.4,545.5,0
MN02,2019,1,Ukwa,17.82,4.76,16.2,0,89.1,539.4,552.3,0
MN02,2019,2,Ukwa,19.91,4.73,5.5,0,89.5,539.4,557.4,0
MN02,2019,3,Ukwa,18.18,4.75,16.7,1,90.6,539.4,563.6,0
MN02,2019,4,Ukwa,18.83,5.16,0.9,1,89.0,560.2,565.0,0
MN02,2019,5,Ukwa,18.39,4.73,4.6,1,88.8,560.2,569.9,0
MN02,2019,6,Ukwa,18.43,5.98,43.5,1,90.9,560.2,552.9,1
MN02,2019,7,Ukwa,16.79,6.28,58.4,2,89.7,560.2,520.5,1
MN02,2019,8,Ukwa,15.82,7.06,155.4,3,88.6,560.2,490.4,1
MN02,2019,9,Ukwa,16.7,6.88,127.1,3,89.1,560.2,500.9,1
MN02,2019,10,Ukwa,18.21,4.98,19.1,0,89.1,560.2,564.5,0
MN02,2019,11,Ukwa,19.29,5.11,0.8,1,91.3,560.2,578.8,0
MN02,2019,12,Ukwa,18.04,5.2,13.6,0,88.8,560.2,559.4,1
MN02,2020,1,Ukwa,18.79,4.75,16.4,1,90.2,560.2,582.6,0
MN02,2020,2,Ukwa,20.01,5.15,15.6,1,91.6,560.2,580.2,0
MN02,2020,3,Ukwa,18.28,4.97,35.2,1,89.9,560.2,566.8,0
MN02,2020,4,Ukwa,17.55,4.94,10.0,0,89.7,518.7,526.5,0
MN02,2020,5,Ukwa,17.28,4.77,1.2,1,89.8,518.7,535.6,0
MN02,2020,6,Ukwa,16.26,6.42,68.5,2,89.6,518.7,487.7,1
MN02,2020,7,Ukwa,15.76,6.54,22.7,1,90.4,518.7,488.5,1
MN02,2020,8,Ukwa,14.59,6.96,107.8,3,88.5,518.7,452.4,1
MN02,2020,9,Ukwa,16.7,6.09,25.0,1,90.8,518.7,501.1,1
MN02,2020,10,Ukwa,16.73,5.34,27.0,1,89.8,518.7,518.6,1
MN02,2020,11,Ukwa,17.56,4.61,2.6,1,88.5,518.7,526.9,0
MN02,2020,12,Ukwa,17.31,4.7,1.5,1,89.6,518.7,536.7,0
MN02,2021,1,Ukwa,17.31,4.77,10.6,1,90.1,518.7,536.7,0
MN02,2021,2,Ukwa,18.62,5.13,11.9,0,89.1,518.7,521.5,0
MN02,2021,3,Ukwa,17.34,5.19,1.4,1,91.6,518.7,537.4,0
MN02,2021,4,Ukwa,18.54,4.89,1.3,1,89.9,539.4,556.2,0
MN02,2021,5,Ukwa,17.93,4.99,21.6,0,90.5,539.4,556.0,0
MN02,2021,6,Ukwa,16.66,6.61,49.7,1,88.9,539.4,499.7,1
MN02,2021,7,Ukwa,16.56,6.54,32.0,2,91.3,539.4,513.5,1
MN02,2021,8,Ukwa,15.49,7.39,38.2,3,88.8,539.4,480.2,1
MN02,2021,9,Ukwa,15.65,7.67,61.1,2,87.6,539.4,469.5,1
MN02,2021,10,Ukwa,18.16,4.7,4.9,0,90.8,539.4,563.0,0
MN02,2021,11,Ukwa,18.15,5.34,17.7,0,89.8,539.4,544.5,0
MN02,2021,12,Ukwa,18.09,4.81,19.7,0,90.9,539.4,560.8,0
MN02,2022,1,Ukwa,17.57,4.96,23.8,1,88.8,539.4,544.5,0
MN02,2022,2,Ukwa,19.66,4.85,3.3,0,89.4,539.4,550.6,0
MN02,2022,3,Ukwa,17.55,5.45,1.0,1,90.0,539.4,544.1,0
MN02,2022,4,Ukwa,19.36,4.64,2.2,1,89.7,560.2,580.8,0
MN02,2022,5,Ukwa,18.34,4.6,8.5,1,88.4,560.2,568.4,0
MN02,2022,6,Ukwa,17.6,6.59,27.0,1,89.9,560.2,528.0,1
MN02,2022,7,Ukwa,16.24,6.8,64.3,2,88.9,560.2,503.6,1
MN02,2022,8,Ukwa,16.65,6.24,69.0,3,89.5,560.2,516.1,1
MN02,2022,9,Ukwa,17.27,6.66,37.7,3,88.7,560.2,518.0,1
MN02,2022,10,Ukwa,18.22,5.13,21.2,0,90.1,560.2,564.7,0
MN02,2022,11,Ukwa,19.0,4.62,0.0,0,88.3,560.2,570.1,0
MN02,2022,12,Ukwa,18.07,5.14,2.3,1,88.4,560.2,560.1,1
MN02,2023,1,Ukwa,18.49,4.95,1.4,0,90.0,560.2,573.1,0
MN02,2023,2,Ukwa,20.31,5.29,0.0,0,89.6,560.2,568.6,0
MN02,2023,3,Ukwa,18.43,5.39,13.0,2,91.6,560.2,571.3,0
MN02,2023,4,Ukwa,22.51,5.2,37.9,1,90.1,663.9,675.3,0
MN02,2023,5,Ukwa,22.06,4.79,12.7,1,89.9,663.9,683.9,0
MN02,2023,6,Ukwa,20.81,6.29,54.2,3,89.5,663.9,624.3,1
MN02,2023,7,Ukwa,19.99,6.69,26.8,1,90.4,663.9,619.7,1
MN02,2023,8,Ukwa,19.61,7.2,94.6,1,90.5,663.9,607.8,1
MN02,2023,9,Ukwa,20.75,6.7,83.0,1,90.7,663.9,622.6,1
MN02,2023,10,Ukwa,22.05,4.72,1.6,0,89.7,663.9,683.5,0
MN02,2023,11,Ukwa,22.17,5.02,13.2,0,88.8,663.9,665.1,0
MN02,2023,12,Ukwa,21.85,4.88,12.5,0,89.9,663.9,677.2,0
MN02,2024,1,Ukwa,22.18,4.79,4.9,1,89.7,663.9,687.6,0
MN02,2024,2,Ukwa,24.07,4.69,8.7,1,90.9,663.9,698.0,0
MN02,2024,3,Ukwa,21.79,5.14,26.0,1,90.2,663.9,675.5,0
MN02,2024,4,Ukwa,25.61,4.85,18.6,0,90.5,746.9,768.2,0
MN02,2024,5,Ukwa,24.54,5.26,9.2,1,90.9,746.9,760.8,0
MN02,2024,6,Ukwa,23.88,6.32,32.3,1,90.3,746.9,716.3,1
MN02,2024,7,Ukwa,20.38,6.54,57.1,8,88.9,746.9,631.8,1
MN02,2024,8,Ukwa,22.04,6.52,46.3,3,88.6,746.9,683.1,1
MN02,2024,9,Ukwa,22.91,6.87,298.9,1,89.3,746.9,687.2,1
MN02,2024,10,Ukwa,25.16,4.58,9.8,1,91.0,746.9,779.9,0
MN02,2024,11,Ukwa,25.18,4.82,0.0,0,88.7,746.9,755.5,0
MN02,2024,12,Ukwa,24.83,4.64,3.3,0,89.8,746.9,769.8,0
MN03,2015,1,Tirodi,22.32,4.69,7.7,0,103.0,663.7,691.9,0
MN03,2015,2,Tirodi,24.41,5.09,3.2,1,103.2,663.7,683.4,0
MN03,2015,3,Tirodi,21.25,5.0,31.1,2,100.4,663.7,658.8,1
MN03,2015,4,Tirodi,20.67,4.71,14.8,0,102.9,596.5,620.2,0
MN03,2015,5,Tirodi,19.93,4.77,9.2,0,102.5,596.5,617.7,0
MN03,2015,6,Tirodi,19.04,5.85,59.0,2,101.7,596.5,571.3,1
MN03,2015,7,Tirodi,18.41,5.91,59.9,3,101.9,596.5,570.7,1
MN03,2015,8,Tirodi,18.0,6.06,99.3,2,101.4,596.5,558.0,1
MN03,2015,9,Tirodi,19.19,6.26,52.7,1,102.2,596.5,575.8,1
MN03,2015,10,Tirodi,19.5,4.94,7.1,1,101.6,596.5,604.4,0
MN03,2015,11,Tirodi,20.35,4.92,0.5,1,102.4,596.5,610.5,0
MN03,2015,12,Tirodi,19.61,5.47,2.9,0,103.4,596.5,607.9,0
MN03,2016,1,Tirodi,19.48,4.99,1.0,1,101.6,596.5,603.9,0
MN03,2016,2,Tirodi,21.54,4.74,8.4,1,104.2,596.5,624.6,0
MN03,2016,3,Tirodi,19.62,5.11,21.7,0,102.1,596.5,608.2,0
MN03,2016,4,Tirodi,19.3,4.97,2.2,1,101.4,570.5,579.0,0
MN03,2016,5,Tirodi,19.01,4.85,3.1,1,103.4,570.5,589.2,0
MN03,2016,6,Tirodi,18.07,6.62,38.1,1,101.9,570.5,542.1,1
MN03,2016,7,Tirodi,15.09,6.78,92.8,8,100.5,570.5,467.7,1
MN03,2016,8,Tirodi,17.37,6.28,27.4,1,102.6,570.5,538.4,1
MN03,2016,9,Tirodi,18.01,6.47,25.4,1,102.5,570.5,540.4,1
MN03,2016,10,Tirodi,18.74,5.15,10.8,1,102.8,570.5,581.0,0
MN03,2016,11,Tirodi,19.81,4.6,0.0,1,102.7,570.5,594.4,0
MN03,2016,12,Tirodi,18.18,5.65,0.0,0,102.3,570.5,563.7,1
MN03,2017,1,Tirodi,19.27,4.75,1.2,1,103.6,570.5,597.5,0
MN03,2017,2,Tirodi,20.87,4.67,1.5,0,100.5,570.5,584.4,0
MN03,2017,3,Tirodi,19.22,4.59,1.8,1,102.6,570.5,595.7,0
MN03,2017,4,Tirodi,21.25,4.7,0.7,0,101.6,622.4,637.4,0
MN03,2017,5,Tirodi,20.2,5.33,5.0,0,101.5,622.4,626.2,0
MN03,2017,6,Tirodi,19.58,6.76,23.6,0,102.0,622.4,587.5,1
MN03,2017,7,Tirodi,19.33,6.04,37.3,2,102.5,622.4,599.3,1
MN03,2017,8,Tirodi,18.53,6.56,82.5,3,101.6,622.4,574.4,1
MN03,2017,9,Tirodi,19.67,6.74,23.9,1,103.2,622.4,590.2,1
MN03,2017,10,Tirodi,20.09,5.36,20.8,0,102.3,622.4,622.8,0
MN03,2017,11,Tirodi,21.14,5.28,0.5,1,103.4,622.4,634.3,0
MN03,2017,12,Tirodi,20.56,4.99,0.0,0,102.8,622.4,637.2,0
MN03,2018,1,Tirodi,20.7,4.72,0.0,0,101.9,622.4,641.7,0
MN03,2018,2,Tirodi,22.6,4.84,8.9,0,101.7,622.4,632.7,0
MN03,2018,3,Tirodi,20.72,4.81,2.5,1,102.4,622.4,642.2,0
MN03,2018,4,Tirodi,23.37,4.67,7.2,0,103.6,674.3,701.0,0
MN03,2018,5,Tirodi,22.31,4.75,3.3,1,101.5,674.3,691.7,0
MN03,2018,6,Tirodi,21.37,6.49,24.8,0,102.3,674.3,641.2,1
MN03,2018,7,Tirodi,19.29,7.14,92.3,3,100.9,674.3,598.0,1
MN03,2018,8,Tirodi,19.84,6.86,201.6,3,101.9,674.3,615.1,1
MN03,2018,9,Tirodi,21.76,6.05,26.3,1,101.5,674.3,652.8,1
MN03,2018,10,Tirodi,22.46,4.82,0.2,0,102.5,674.3,696.1,0
MN03,2018,11,Tirodi,23.37,4.76,0.8,1,102.4,674.3,701.2,0
MN03,2018,12,Tirodi,22.6,4.7,11.8,0,102.6,674.3,700.5,0
MN03,2019,1,Tirodi,22.32,4.73,16.5,1,102.3,674.3,691.9,0
MN03,2019,2,Tirodi,25.14,4.68,1.2,1,103.3,674.3,704.0,0
MN03,2019,3,Tirodi,21.79,5.07,9.6,0,100.8,674.3,675.6,0
MN03,2019,4,Tirodi,24.18,4.96,0.3,0,102.7,700.2,725.3,0
MN03,2019,5,Tirodi,23.68,4.75,0.2,0,104.0,700.2,734.1,0
MN03,2019,6,Tirodi,22.46,6.03,58.2,2,101.6,700.2,673.8,1
MN03,2019,7,Tirodi,20.3,6.74,69.3,3,100.4,700.2,629.3,1
MN03,2019,8,Tirodi,20.78,6.83,45.2,3,102.2,700.2,644.1,1
MN03,2019,9,Tirodi,21.33,6.47,53.4,2,101.9,700.2,639.9,1
MN03,2019,10,Tirodi,22.73,5.04,14.8,0,101.1,700.2,704.7,0
MN03,2019,11,Tirodi,23.74,5.06,1.3,1,102.0,700.2,712.1,0
MN03,2019,12,Tirodi,23.04,4.78,15.7,1,101.0,700.2,714.2,0
MN03,2020,1,Tirodi,22.84,5.11,13.3,1,102.6,700.2,707.9,0
MN03,2020,2,Tirodi,24.75,5.17,10.4,0,103.0,700.2,717.7,0
MN03,2020,3,Tirodi,22.84,4.91,11.8,1,100.6,700.2,708.1,0
MN03,2020,4,Tirodi,22.54,4.44,2.3,1,102.0,648.3,676.1,0
MN03,2020,5,Tirodi,21.33,4.97,0.9,0,102.1,648.3,661.1,0
MN03,2020,6,Tirodi,19.81,6.93,49.3,2,101.9,648.3,594.4,1
MN03,2020,7,Tirodi,19.79,6.38,30.3,1,102.7,648.3,613.6,1
MN03,2020,8,Tirodi,17.52,7.22,179.6,5,101.4,648.3,543.1,1
MN03,2020,9,Tirodi,20.5,6.28,49.3,1,101.6,648.3,614.9,1
MN03,2020,10,Tirodi,21.11,5.02,23.7,1,102.0,648.3,654.3,0
MN03,2020,11,Tirodi,21.99,5.32,0.9,1,103.3,648.3,659.8,0
MN03,2020,12,Tirodi,21.39,4.96,0.3,1,102.1,648.3,663.2,0
MN03,2021,1,Tirodi,21.65,4.75,2.6,1,102.5,648.3,671.1,0
MN03,2021,2,Tirodi,23.47,4.98,8.3,1,101.0,648.3,657.2,0
MN03,2021,3,Tirodi,21.46,4.9,0.4,0,102.2,648.3,665.2,0
MN03,2021,4,Tirodi,23.17,4.56,0.1,0,101.5,674.3,695.1,0
MN03,2021,5,Tirodi,21.82,5.3,16.1,1,101.4,674.3,676.4,0
MN03,2021,6,Tirodi,20.87,6.39,42.0,2,100.3,674.3,626.0,1
MN03,2021,7,Tirodi,20.47,6.37,42.5,1,101.9,674.3,634.6,1
MN03,2021,8,Tirodi,20.78,6.09,44.2,2,101.5,674.3,644.1,1
MN03,2021,9,Tirodi,21.11,6.2,77.2,2,102.2,674.3,633.3,1
MN03,2021,10,Tirodi,21.64,5.32,16.4,1,101.2,674.3,671.0,1
MN03,2021,11,Tirodi,22.93,4.68,3.2,0,101.1,674.3,688.0,0
MN03,2021,12,Tirodi,22.62,4.66,20.1,0,102.4,674.3,701.4,0
MN03,2022,1,Tirodi,22.26,4.76,10.8,1,100.9,674.3,690.0,0
MN03,2022,2,Tirodi,24.38,5.01,1.2,1,101.8,674.3,682.5,0
MN03,2022,3,Tirodi,22.37,4.81,0.1,1,101.7,674.3,693.6,0
MN03,2022,4,Tirodi,24.08,4.97,0.4,1,103.5,700.2,722.4,0
MN03,2022,5,Tirodi,22.73,5.16,3.0,0,102.1,700.2,704.6,0
MN03,2022,6,Tirodi,22.81,5.75,49.0,1,101.7,700.2,684.2,1
MN03,2022,7,Tirodi,20.0,6.92,67.2,2,101.8,700.2,619.9,1
MN03,2022,8,Tirodi,20.17,7.27,124.7,2,101.7,700.2,625.4,1
MN03,2022,9,Tirodi,22.12,6.56,39.4,4,103.7,700.2,663.5,1
MN03,2022,10,Tirodi,22.71,4.98,25.9,1,101.5,700.2,704.0,0
MN03,2022,11,Tirodi,24.01,5.07,0.0,1,102.7,700.2,720.4,0
MN03,2022,12,Tirodi,23.11,5.32,11.9,1,104.3,700.2,716.5,0
MN03,2023,1,Tirodi,22.78,5.16,0.5,0,102.2,700.2,706.3,0
MN03,2023,2,Tirodi,25.82,4.75,0.0,1,102.4,700.2,723.0,0
MN03,2023,3,Tirodi,23.01,5.01,5.6,1,101.8,700.2,713.2,0
MN03,2023,4,Tirodi,28.54,4.74,29.4,1,102.6,829.9,856.3,0
MN03,2023,5,Tirodi,27.71,4.69,17.4,1,102.7,829.9,859.1,0
MN03,2023,6,Tirodi,26.74,6.11,68.5,2,103.3,829.9,802.2,1
MN03,2023,7,Tirodi,21.97,7.08,59.2,6,99.8,829.9,681.1,1
MN03,2023,8,Tirodi,24.91,6.27,87.3,3,100.5,829.9,772.3,1
MN03,2023,9,Tirodi,25.31,6.91,111.1,2,102.7,829.9,759.3,1
MN03,2023,10,Tirodi,27.67,4.81,0.6,1,102.4,829.9,857.8,0
MN03,2023,11,Tirodi,27.9,4.89,35.9,1,101.4,829.9,837.0,0
MN03,2023,12,Tirodi,27.76,4.7,11.4,1,103.3,829.9,860.6,0
MN03,2024,1,Tirodi,27.22,4.55,10.1,0,100.0,829.9,843.9,0
MN03,2024,2,Tirodi,29.29,4.82,21.4,1,102.6,829.9,849.5,0
MN03,2024,3,Tirodi,27.33,4.71,16.7,0,101.8,829.9,847.3,0
MN03,2024,4,Tirodi,31.81,4.89,19.2,1,102.4,933.6,954.3,0
MN03,2024,5,Tirodi,31.48,4.89,5.6,0,103.9,933.6,975.9,0
MN03,2024,6,Tirodi,30.04,6.53,24.8,0,103.7,933.6,901.3,1
MN03,2024,7,Tirodi,26.06,7.32,58.1,5,102.3,933.6,807.8,1
MN03,2024,8,Tirodi,27.92,6.4,49.3,2,102.0,933.6,865.4,1
MN03,2024,9,Tirodi,28.49,6.83,100.5,2,101.6,933.6,854.6,1
MN03,2024,10,Tirodi,31.36,4.76,9.7,1,103.4,933.6,972.2,0
MN03,2024,11,Tirodi,32.44,4.72,0.0,1,102.4,933.6,973.3,0
MN03,2024,12,Tirodi,30.95,4.62,1.0,0,101.7,933.6,959.3,0
MN04,2015,1,Sitapatore,7.47,4.7,7.7,2,61.8,221.2,231.6,0
MN04,2015,2,Sitapatore,8.09,4.69,3.2,0,60.4,221.2,226.5,0
MN04,2015,3,Sitapatore,7.15,5.03,31.1,2,60.2,221.2,221.6,0
MN04,2015,4,Sitapatore,6.96,4.68,14.8,1,62.4,198.8,208.8,0
MN04,2015,5,Sitapatore,6.5,4.91,9.2,1,60.3,198.8,201.5,0
MN04,2015,6,Sitapatore,6.2,6.52,59.0,2,59.9,198.8,185.9,1
MN04,2015,7,Sitapatore,6.07,6.5,59.9,3,59.5,198.8,188.3,1
MN04,2015,8,Sitapatore,5.98,7.31,99.3,2,61.0,198.8,185.3,1
MN04,2015,9,Sitapatore,6.44,5.84,52.7,2,60.5,198.8,193.3,1
MN04,2015,10,Sitapatore,6.63,4.88,7.1,1,61.4,198.8,205.6,0
MN04,2015,11,Sitapatore,6.86,4.7,0.5,0,61.3,198.8,205.9,0
MN04,2015,12,Sitapatore,6.61,4.9,2.9,0,61.4,198.8,205.0,0
MN04,2016,1,Sitapatore,6.59,4.72,1.0,1,60.5,198.8,204.2,0
MN04,2016,2,Sitapatore,6.99,4.52,8.4,0,59.7,198.8,202.7,0
MN04,2016,3,Sitapatore,6.58,4.66,21.7,0,60.5,198.8,203.9,0
MN04,2016,4,Sitapatore,6.63,4.56,2.2,0,61.5,190.2,198.9,0
MN04,2016,5,Sitapatore,6.37,4.75,3.1,0,61.2,190.2,197.4,0
MN04,2016,6,Sitapatore,6.04,6.44,38.1,1,60.5,190.2,181.3,1
MN04,2016,7,Sitapatore,5.48,6.75,92.8,8,59.4,190.2,169.9,1
MN04,2016,8,Sitapatore,5.93,6.36,27.4,1,62.0,190.2,183.7,1
MN04,2016,9,Sitapatore,6.01,6.33,25.4,2,60.3,190.2,180.4,1
MN04,2016,10,Sitapatore,6.3,4.55,10.8,0,60.6,190.2,195.4,0
MN04,2016,11,Sitapatore,6.5,4.9,0.0,0,60.8,190.2,194.9,0
MN04,2016,12,Sitapatore,6.25,5.07,0.0,1,60.5,190.2,193.7,0
MN04,2017,1,Sitapatore,6.37,4.57,1.2,1,61.2,190.2,197.4,0
MN04,2017,2,Sitapatore,7.08,4.53,1.5,1,60.8,190.2,198.2,0
MN04,2017,3,Sitapatore,6.21,5.19,1.8,0,60.6,190.2,192.5,0
MN04,2017,4,Sitapatore,7.04,5.07,0.7,0,60.7,207.5,211.3,0
MN04,2017,5,Sitapatore,6.93,5.07,5.0,1,61.7,207.5,214.8,0
MN04,2017,6,Sitapatore,6.64,6.42,23.6,0,61.2,207.5,199.0,1
MN04,2017,7,Sitapatore,6.38,5.89,37.3,2,60.5,207.5,197.7,1
MN04,2017,8,Sitapatore,6.32,6.34,82.5,2,60.4,207.5,196.0,1
MN04,2017,9,Sitapatore,6.53,6.73,23.9,0,60.6,207.5,195.8,1
MN04,2017,10,Sitapatore,6.89,4.98,20.8,1,61.8,207.5,213.6,0
MN04,2017,11,Sitapatore,7.09,4.84,0.5,0,60.2,207.5,212.8,0
MN04,2017,12,Sitapatore,7.06,4.53,0.0,1,61.5,207.5,218.7,0
MN04,2018,1,Sitapatore,6.82,4.92,0.0,0,60.8,207.5,211.4,0
MN04,2018,2,Sitapatore,7.7,4.85,8.9,0,61.4,207.5,215.5,0
MN04,2018,3,Sitapatore,6.99,4.71,2.5,0,61.2,207.5,216.8,0
MN04,2018,4,Sitapatore,7.47,5.25,7.2,0,60.0,224.8,224.2,1
MN04,2018,5,Sitapatore,7.1,5.31,3.3,1,59.2,224.8,220.2,1
MN04,2018,6,Sitapatore,7.27,5.88,24.8,1,60.5,224.8,218.2,1
MN04,2018,7,Sitapatore,6.65,6.75,92.3,3,60.2,224.8,206.1,1
MN04,2018,8,Sitapatore,6.69,6.78,201.6,2,59.6,224.8,207.3,1
MN04,2018,9,Sitapatore,7.49,5.62,26.3,1,61.1,224.8,224.6,1
MN04,2018,10,Sitapatore,7.39,4.87,0.2,0,60.3,224.8,229.2,0
MN04,2018,11,Sitapatore,7.74,4.83,0.8,1,61.1,224.8,232.3,0
MN04,2018,12,Sitapatore,7.39,4.67,11.8,0,59.9,224.8,229.0,0
MN04,2019,1,Sitapatore,7.42,5.0,16.5,1,60.8,224.8,230.1,0
MN04,2019,2,Sitapatore,8.16,4.98,1.2,1,60.2,224.8,228.4,0
MN04,2019,3,Sitapatore,7.44,4.95,9.6,0,60.7,224.8,230.5,0
MN04,2019,4,Sitapatore,7.86,5.03,0.3,0,60.1,233.4,235.7,0
MN04,2019,5,Sitapatore,7.7,4.53,0.2,1,60.0,233.4,238.6,0
MN04,2019,6,Sitapatore,7.1,7.78,58.2,2,60.8,233.4,213.1,1
MN04,2019,7,Sitapatore,7.0,6.12,69.3,3,60.5,233.4,217.1,1
MN04,2019,8,Sitapatore,6.82,6.57,45.2,3,59.8,233.4,211.4,1
MN04,2019,9,Sitapatore,6.81,7.17,53.4,2,59.5,233.4,204.2,1
MN04,2019,10,Sitapatore,7.71,5.17,14.8,1,61.5,233.4,239.2,0
MN04,2019,11,Sitapatore,7.77,5.12,1.3,0,59.5,233.4,233.1,1
MN04,2019,12,Sitapatore,7.79,4.96,15.7,1,61.4,233.4,241.5,0
MN04,2020,1,Sitapatore,7.55,5.21,13.3,1,60.3,233.4,234.1,0
MN04,2020,2,Sitapatore,8.29,4.88,10.4,1,61.2,233.4,240.4,0
MN04,2020,3,Sitapatore,7.83,5.02,11.8,1,62.5,233.4,242.7,0
MN04,2020,4,Sitapatore,7.42,4.66,2.3,0,60.7,216.1,222.6,0
MN04,2020,5,Sitapatore,7.22,4.59,0.9,0,61.0,216.1,223.8,0
MN04,2020,6,Sitapatore,6.65,6.69,49.3,2,60.3,216.1,199.4,1
MN04,2020,7,Sitapatore,6.62,6.72,30.3,1,61.5,216.1,205.3,1
MN04,2020,8,Sitapatore,6.18,6.45,179.6,5,60.1,216.1,191.6,1
MN04,2020,9,Sitapatore,6.74,6.55,49.3,1,60.1,216.1,202.3,1
MN04,2020,10,Sitapatore,7.04,4.77,23.7,0,60.0,216.1,218.3,0
MN04,2020,11,Sitapatore,7.42,4.58,0.9,0,60.5,216.1,222.7,0
MN04,2020,12,Sitapatore,7.08,4.66,0.3,0,59.8,216.1,219.4,0
MN04,2021,1,Sitapatore,6.92,6.01,2.6,0,61.4,216.1,214.6,1
MN04,2021,2,Sitapatore,7.97,4.6,8.3,0,60.4,216.1,223.0,0
MN04,2021,3,Sitapatore,6.95,5.75,0.4,1,60.9,216.1,215.5,1
MN04,2021,4,Sitapatore,7.82,5.09,0.1,0,62.3,224.8,234.5,0
MN04,2021,5,Sitapatore,7.37,5.4,16.1,0,61.2,224.8,228.3,0
MN04,2021,6,Sitapatore,6.94,6.72,42.0,2,59.5,224.8,208.2,1
MN04,2021,7,Sitapatore,6.79,6.66,42.5,1,60.7,224.8,210.4,1
MN04,2021,8,Sitapatore,7.01,6.78,44.2,2,62.1,224.8,217.5,1
MN04,2021,9,Sitapatore,6.93,6.1,77.2,2,58.9,224.8,208.0,1
MN04,2021,10,Sitapatore,7.52,5.01,16.4,0,61.7,224.8,233.2,0
MN04,2021,11,Sitapatore,7.43,5.23,3.2,2,60.2,224.8,222.8,1
MN04,2021,12,Sitapatore,7.47,4.91,20.1,0,61.0,224.8,231.6,0
MN04,2022,1,Sitapatore,7.47,4.69,10.8,0,60.6,224.8,231.7,0
MN04,2022,2,Sitapatore,8.38,4.7,1.2,1,61.6,224.8,234.8,0
MN04,2022,3,Sitapatore,7.48,5.05,0.1,1,61.5,224.8,231.8,0
MN04,2022,4,Sitapatore,7.84,5.07,0.4,1,60.2,233.4,235.2,0
MN04,2022,5,Sitapatore,7.8,5.18,3.0,1,61.8,233.4,241.8,0
MN04,2022,6,Sitapatore,7.52,5.75,49.0,1,60.5,233.4,225.5,1
MN04,2022,7,Sitapatore,6.68,6.36,67.2,2,59.0,233.4,207.2,1
MN04,2022,8,Sitapatore,7.16,6.34,124.7,2,61.4,233.4,221.8,1
MN04,2022,9,Sitapatore,7.26,6.08,39.4,4,60.1,233.4,217.7,1
MN04,2022,10,Sitapatore,7.73,4.82,25.9,1,61.5,233.4,239.7,0
MN04,2022,11,Sitapatore,8.0,4.98,0.0,0,61.7,233.4,240.1,0
MN04,2022,12,Sitapatore,7.66,4.89,11.9,2,60.3,233.4,237.4,0
MN04,2023,1,Sitapatore,7.84,5.05,0.5,0,61.9,233.4,243.1,0
MN04,2023,2,Sitapatore,8.43,4.84,0.0,1,59.9,233.4,236.0,0
MN04,2023,3,Sitapatore,7.68,4.6,5.6,0,60.0,233.4,238.0,0
MN04,2023,4,Sitapatore,9.33,4.71,29.4,1,60.0,276.6,279.8,0
MN04,2023,5,Sitapatore,9.13,4.67,17.4,2,60.6,276.6,282.9,0
MN04,2023,6,Sitapatore,8.53,6.8,68.5,2,60.0,276.6,255.8,1
MN04,2023,7,Sitapatore,7.34,6.57,59.2,6,58.5,276.6,227.6,1
MN04,2023,8,Sitapatore,8.3,6.07,87.3,3,59.0,276.6,257.3,1
MN04,2023,9,Sitapatore,8.56,6.53,111.1,2,60.2,276.6,256.8,1
MN04,2023,10,Sitapatore,9.17,4.92,0.6,0,61.0,276.6,284.4,0
MN04,2023,11,Sitapatore,9.54,4.82,35.9,1,61.5,276.6,286.1,0
MN04,2023,12,Sitapatore,9.01,4.93,11.4,1,59.9,276.6,279.2,0
MN04,2024,1,Sitapatore,9.1,4.91,10.1,0,60.3,276.6,282.1,0
MN04,2024,2,Sitapatore,9.83,4.85,21.4,0,61.2,276.6,285.1,0
MN04,2024,3,Sitapatore,9.19,4.76,16.7,1,60.7,276.6,285.0,0
MN04,2024,4,Sitapatore,10.53,5.16,19.2,1,61.2,311.2,315.9,0
MN04,2024,5,Sitapatore,10.37,5.12,5.6,0,61.8,311.2,321.5,0
MN04,2024,6,Sitapatore,9.92,6.17,24.8,1,60.3,311.2,297.5,1
MN04,2024,7,Sitapatore,8.8,6.28,58.1,5,59.5,311.2,272.8,1
MN04,2024,8,Sitapatore,8.96,7.01,49.3,2,59.8,311.2,277.8,1
MN04,2024,9,Sitapatore,9.65,6.08,100.5,2,59.9,311.2,289.6,1
MN04,2024,10,Sitapatore,10.22,5.02,9.7,0,60.5,311.2,316.9,0
MN04,2024,11,Sitapatore,10.59,4.71,0.0,0,60.1,311.2,317.8,0
MN04,2024,12,Sitapatore,10.4,5.03,1.0,0,62.0,311.2,322.4,0
MN05,2015,1,Chikla,43.63,5.28,5.5,1,165.3,1327.4,1352.5,0
MN05,2015,2,Chikla,47.0,5.54,0.4,1,164.1,1327.4,1316.0,1
MN05,2015,3,Chikla,42.95,5.38,13.1,1,163.3,1327.4,1331.6,0
MN05,2015,4,Chikla,40.54,4.88,20.6,1,164.3,1192.9,1216.1,0
MN05,2015,5,Chikla,39.15,5.0,13.7,0,163.8,1192.9,1213.7,0
MN05,2015,6,Chikla,38.42,5.69,75.5,3,164.5,1192.9,1152.7,1
MN05,2015,7,Chikla,37.53,5.75,83.0,2,164.3,1192.9,1163.4,1
MN05,2015,8,Chikla,35.94,6.16,146.5,2,163.9,1192.9,1114.2,1
MN05,2015,9,Chikla,38.18,6.28,75.1,1,164.8,1192.9,1145.3,1
MN05,2015,10,Chikla,39.48,5.03,5.3,0,165.4,1192.9,1224.0,0
MN05,2015,11,Chikla,40.85,4.63,0.2,0,163.6,1192.9,1225.4,0
MN05,2015,12,Chikla,40.13,4.7,0.4,1,165.2,1192.9,1244.0,0
MN05,2016,1,Chikla,42.04,3.33,0.7,1,165.2,1192.9,1303.2,0
MN05,2016,2,Chikla,43.57,4.11,2.4,1,165.0,1192.9,1263.5,0
MN05,2016,3,Chikla,40.17,4.52,13.0,1,165.2,1192.9,1245.2,0
MN05,2016,4,Chikla,39.57,4.42,2.4,0,164.2,1141.1,1187.0,0
MN05,2016,5,Chikla,37.58,5.12,3.4,1,164.8,1141.1,1164.8,0
MN05,2016,6,Chikla,36.4,6.17,75.2,4,164.4,1141.1,1092.1,1
MN05,2016,7,Chikla,33.68,6.12,106.3,3,163.7,1141.1,1044.1,1
MN05,2016,8,Chikla,30.81,8.75,44.9,1,162.0,1141.1,955.0,1
MN05,2016,9,Chikla,34.09,7.46,42.2,1,163.9,1141.1,1022.8,1
MN05,2016,10,Chikla,39.45,3.59,23.8,0,165.4,1141.1,1223.0,0
MN05,2016,11,Chikla,41.9,2.69,0.0,0,164.3,1141.1,1256.9,0
MN05,2016,12,Chikla,39.51,3.66,0.0,1,164.7,1141.1,1224.9,0
MN05,2017,1,Chikla,37.43,5.11,0.1,1,163.3,1141.1,1160.3,0
MN05,2017,2,Chikla,42.02,4.78,0.3,2,165.2,1141.1,1176.6,0
MN05,2017,3,Chikla,37.25,5.14,12.7,1,163.5,1141.1,1154.9,0
MN05,2017,4,Chikla,43.99,3.94,0.5,0,164.7,1244.8,1319.7,0
MN05,2017,5,Chikla,40.63,5.36,5.2,0,165.1,1244.8,1259.4,0
MN05,2017,6,Chikla,37.99,7.37,46.7,1,163.3,1244.8,1139.8,1
MN05,2017,7,Chikla,35.28,8.0,112.1,2,163.8,1244.8,1093.8,1
MN05,2017,8,Chikla,35.4,7.9,68.1,2,163.7,1244.8,1097.5,1
MN05,2017,9,Chikla,37.28,7.69,55.6,2,163.7,1244.8,1118.3,1
MN05,2017,10,Chikla,40.78,4.93,13.2,0,164.1,1244.8,1264.2,0
MN05,2017,11,Chikla,44.77,3.53,0.2,0,164.4,1244.8,1343.1,0
MN05,2017,12,Chikla,42.2,4.36,0.0,0,164.6,1244.8,1308.1,0
MN05,2018,1,Chikla,41.65,4.67,0.0,0,164.7,1244.8,1291.3,0
MN05,2018,2,Chikla,48.47,3.45,6.8,0,165.9,1244.8,1357.3,0
MN05,2018,3,Chikla,41.3,4.93,3.5,0,165.1,1244.8,1280.3,0
MN05,2018,4,Chikla,47.57,4.13,4.2,1,165.5,1348.5,1427.1,0
MN05,2018,5,Chikla,45.08,4.5,4.4,0,163.7,1348.5,1397.3,0
MN05,2018,6,Chikla,41.91,6.47,82.3,2,163.4,1348.5,1257.2,1
MN05,2018,7,Chikla,36.93,7.85,107.8,4,163.2,1348.5,1144.8,1
MN05,2018,8,Chikla,39.56,6.92,63.7,2,163.5,1348.5,1226.3,1
MN05,2018,9,Chikla,42.81,6.87,40.5,1,165.2,1348.5,1284.4,1
MN05,2018,10,Chikla,44.5,4.87,0.2,0,164.6,1348.5,1379.5,0
MN05,2018,11,Chikla,48.2,3.63,0.1,1,165.3,1348.5,1446.1,0
MN05,2018,12,Chikla,46.21,3.64,16.7,1,164.0,1348.5,1432.6,0
MN05,2019,1,Chikla,45.66,4.27,14.7,0,164.4,1348.5,1415.6,0
MN05,2019,2,Chikla,48.99,5.09,0.6,1,163.5,1348.5,1371.7,0
MN05,2019,3,Chikla,44.13,5.23,9.4,0,164.8,1348.5,1368.1,0
MN05,2019,4,Chikla,49.27,4.15,4.8,1,164.4,1400.4,1478.0,0
MN05,2019,5,Chikla,48.04,3.97,0.0,1,164.7,1400.4,1489.2,0
MN05,2019,6,Chikla,42.74,7.51,54.7,2,164.9,1400.4,1282.2,1
MN05,2019,7,Chikla,39.15,7.48,113.4,3,162.8,1400.4,1213.7,1
MN05,2019,8,Chikla,39.1,8.21,118.4,1,163.1,1400.4,1212.2,1
MN05,2019,9,Chikla,41.52,7.84,34.2,1,164.3,1400.4,1245.5,1
MN05,2019,10,Chikla,46.83,4.68,15.1,0,165.4,1400.4,1451.7,0
MN05,2019,11,Chikla,48.68,4.12,1.5,0,163.9,1400.4,1460.3,0
MN05,2019,12,Chikla,45.88,5.3,3.6,0,165.1,1400.4,1422.3,0
MN05,2020,1,Chikla,47.35,4.28,29.7,1,165.0,1400.4,1467.8,0
MN05,2020,2,Chikla,49.94,4.8,10.5,0,165.0,1400.4,1448.4,0
MN05,2020,3,Chikla,46.57,4.33,39.5,1,163.8,1400.4,1443.7,0
MN05,2020,4,Chikla,45.73,4.27,0.3,0,164.6,1296.7,1372.0,0
MN05,2020,5,Chikla,43.42,4.41,0.7,1,164.4,1296.7,1346.1,0
MN05,2020,6,Chikla,39.29,7.63,30.6,1,164.8,1296.7,1178.6,1
MN05,2020,7,Chikla,37.71,7.61,32.1,1,164.5,1296.7,1169.0,1
MN05,2020,8,Chikla,34.6,7.83,201.8,3,161.4,1296.7,1072.7,1
MN05,2020,9,Chikla,39.8,6.99,45.7,2,164.0,1296.7,1194.0,1
MN05,2020,10,Chikla,43.53,4.22,21.2,0,164.2,1296.7,1349.6,0
MN05,2020,11,Chikla,44.59,4.76,1.3,0,164.1,1296.7,1337.7,0
MN05,2020,12,Chikla,44.37,4.08,0.2,0,164.9,1296.7,1375.4,0
MN05,2021,1,Chikla,43.98,4.25,0.6,1,164.4,1296.7,1363.4,0
MN05,2021,2,Chikla,48.16,4.5,1.6,0,163.0,1296.7,1348.5,0
MN05,2021,3,Chikla,43.12,4.82,0.3,0,163.8,1296.7,1336.6,0
MN05,2021,4,Chikla,47.74,3.73,0.5,0,163.9,1348.5,1432.2,0
MN05,2021,5,Chikla,44.98,4.81,7.1,1,165.5,1348.5,1394.5,0
MN05,2021,6,Chikla,40.92,7.38,40.1,1,164.6,1348.5,1227.6,1
MN05,2021,7,Chikla,39.03,7.18,82.0,3,163.5,1348.5,1209.9,1
MN05,2021,8,Chikla,39.32,7.6,60.5,1,164.0,1348.5,1219.0,1
MN05,2021,9,Chikla,39.27,8.03,37.0,2,164.1,1348.5,1178.2,1
MN05,2021,10,Chikla,45.08,4.74,16.7,1,165.2,1348.5,1397.4,0
MN05,2021,11,Chikla,46.35,4.45,8.4,1,163.0,1348.5,1390.5,0
MN05,2021,12,Chikla,43.5,5.55,19.1,0,164.9,1348.5,1348.5,0
MN05,2022,1,Chikla,45.11,4.36,19.5,1,163.9,1348.5,1398.5,0
MN05,2022,2,Chikla,50.93,4.07,2.4,0,165.0,1348.5,1426.0,0
MN05,2022,3,Chikla,45.32,4.26,0.3,0,163.3,1348.5,1405.0,0
MN05,2022,4,Chikla,48.46,4.6,0.0,1,164.7,1400.4,1453.8,0
MN05,2022,5,Chikla,47.8,4.23,9.0,1,164.6,1400.4,1481.9,0
MN05,2022,6,Chikla,42.23,7.87,23.0,0,165.3,1400.4,1266.9,1
MN05,2022,7,Chikla,36.96,8.58,83.4,3,162.9,1400.4,1145.8,1
MN05,2022,8,Chikla,39.6,7.37,124.5,3,163.3,1400.4,1227.5,1
MN05,2022,9,Chikla,40.9,7.83,41.2,4,164.6,1400.4,1227.0,1
MN05,2022,10,Chikla,46.87,4.37,22.7,0,164.5,1400.4,1453.0,0
MN05,2022,11,Chikla,49.24,4.05,0.0,1,164.3,1400.4,1477.2,0
MN05,2022,12,Chikla,46.41,5.0,3.3,1,165.6,1400.4,1438.8,0
MN05,2023,1,Chikla,45.91,5.2,1.0,1,165.1,1400.4,1423.1,0
MN05,2023,2,Chikla,51.21,4.97,0.0,1,164.0,1400.4,1433.9,0
MN05,2023,3,Chikla,46.83,4.79,6.2,0,165.0,1400.4,1451.7,0
MN05,2023,4,Chikla,54.53,5.75,36.1,1,164.8,1659.8,1636.0,1
MN05,2023,5,Chikla,53.01,5.56,18.2,1,163.7,1659.8,1643.2,1
MN05,2023,6,Chikla,50.13,7.87,63.4,2,164.9,1659.8,1504.0,1
MN05,2023,7,Chikla,44.84,8.15,60.1,3,164.5,1659.8,1390.0,1
MN05,2023,8,Chikla,47.77,7.98,50.8,2,165.2,1659.8,1480.7,1
MN05,2023,9,Chikla,47.48,8.0,57.7,4,164.1,1659.8,1424.3,1
MN05,2023,10,Chikla,53.6,5.6,2.4,0,164.2,1659.8,1661.5,0
MN05,2023,11,Chikla,56.12,5.36,6.6,1,164.5,1659.8,1683.5,0
MN05,2023,12,Chikla,55.63,4.65,13.5,1,164.4,1659.8,1724.5,0
MN05,2024,1,Chikla,54.56,5.15,5.2,0,164.3,1659.8,1691.3,0
MN05,2024,2,Chikla,56.05,6.04,17.9,1,164.6,1659.8,1625.6,1
MN05,2024,3,Chikla,52.39,6.27,19.3,0,164.6,1659.8,1624.0,1
MN05,2024,4,Chikla,62.42,5.68,15.5,0,164.7,1867.2,1872.5,0
MN05,2024,5,Chikla,62.68,4.41,15.6,1,163.7,1867.2,1943.0,0
MN05,2024,6,Chikla,55.7,7.65,23.5,0,163.6,1867.2,1671.1,1
MN05,2024,7,Chikla,51.07,7.8,93.5,4,163.0,1867.2,1583.3,1
MN05,2024,8,Chikla,53.11,7.98,46.9,2,165.1,1867.2,1646.3,1
MN05,2024,9,Chikla,54.55,8.09,78.1,2,164.0,1867.2,1636.4,1
MN05,2024,10,Chikla,63.64,3.97,18.5,0,164.8,1867.2,1972.8,0
MN05,2024,11,Chikla,60.76,6.22,0.1,1,163.5,1867.2,1822.9,1
MN05,2024,12,Chikla,60.32,5.63,9.7,0,164.8,1867.2,1869.9,0
MN06,2015,1,Dongri Buzurg,59.16,3.75,5.5,1,200.0,1769.8,1834.0,0
MN06,2015,2,Dongri Buzurg,68.92,2.34,0.4,0,200.0,1769.8,1929.7,0
MN06,2015,3,Dongri Buzurg,59.68,3.6,13.1,1,199.9,1769.8,1850.0,0
MN06,2015,4,Dongri Buzurg,57.16,2.3,20.6,0,199.9,1590.6,1714.7,0
MN06,2015,5,Dongri Buzurg,54.18,3.01,13.7,1,199.9,1590.6,1679.7,0
MN06,2015,6,Dongri Buzurg,48.15,6.6,75.5,3,199.9,1590.6,1444.4,1
MN06,2015,7,Dongri Buzurg,44.45,7.73,83.0,2,199.5,1590.6,1378.0,1
MN06,2015,8,Dongri Buzurg,44.25,7.33,146.5,2,199.2,1590.6,1371.8,1
MN06,2015,9,Dongri Buzurg,51.53,5.25,75.1,1,200.0,1590.6,1545.8,1
MN06,2015,10,Dongri Buzurg,53.85,3.38,5.3,1,200.0,1590.6,1669.3,0
MN06,2015,11,Dongri Buzurg,56.55,2.87,0.2,0,199.8,1590.6,1696.5,0
MN06,2015,12,Dongri Buzurg,52.6,4.19,0.4,1,199.9,1590.6,1630.6,0
MN06,2016,1,Dongri Buzurg,52.36,4.16,0.7,0,199.9,1590.6,1623.1,0
MN06,2016,2,Dongri Buzurg,58.24,3.1,2.4,1,199.9,1590.6,1688.9,0
MN06,2016,3,Dongri Buzurg,53.04,3.78,13.0,1,200.0,1590.6,1644.2,0
MN06,2016,4,Dongri Buzurg,53.42,3.34,2.4,0,199.9,1521.4,1602.6,0
MN06,2016,5,Dongri Buzurg,50.59,3.97,3.4,0,199.7,1521.4,1568.2,0
MN06,2016,6,Dongri Buzurg,47.0,6.22,75.2,1,199.9,1521.4,1410.1,1
MN06,2016,7,Dongri Buzurg,43.74,6.49,106.3,2,199.6,1521.4,1356.0,1
MN06,2016,8,Dongri Buzurg,43.3,7.13,44.9,1,199.7,1521.4,1342.2,1
MN06,2016,9,Dongri Buzurg,44.75,7.21,42.2,1,199.7,1521.4,1342.6,1
MN06,2016,10,Dongri Buzurg,49.45,4.46,23.8,0,199.9,1521.4,1532.8,0
MN06,2016,11,Dongri Buzurg,54.29,2.66,0.0,0,199.9,1521.4,1628.7,0
MN06,2016,12,Dongri Buzurg,50.23,3.98,0.0,0,199.9,1521.4,1557.0,0
MN06,2017,1,Dongri Buzurg,49.19,4.62,0.1,1,199.9,1521.4,1524.8,0
MN06,2017,2,Dongri Buzurg,56.48,3.96,0.3,0,199.9,1521.4,1581.5,0
MN06,2017,3,Dongri Buzurg,51.0,3.76,12.7,1,199.9,1521.4,1580.9,0
MN06,2017,4,Dongri Buzurg,56.64,4.24,0.5,1,199.8,1659.8,1699.3,0
MN06,2017,5,Dongri Buzurg,53.53,4.76,5.2,0,199.9,1659.8,1659.4,1
MN06,2017,6,Dongri Buzurg,51.27,6.42,46.7,2,199.6,1659.8,1538.2,1
MN06,2017,7,Dongri Buzurg,50.31,5.61,112.1,2,199.5,1659.8,1559.6,1
MN06,2017,8,Dongri Buzurg,47.88,6.53,68.1,2,199.5,1659.8,1484.2,1
MN06,2017,9,Dongri Buzurg,50.15,6.91,55.6,2,199.8,1659.8,1504.4,1
MN06,2017,10,Dongri Buzurg,56.04,3.31,13.2,1,199.9,1659.8,1737.3,0
MN06,2017,11,Dongri Buzurg,57.82,3.43,0.2,0,200.0,1659.8,1734.6,0
MN06,2017,12,Dongri Buzurg,56.9,3.16,0.0,1,200.0,1659.8,1764.0,0
MN06,2018,1,Dongri Buzurg,56.1,3.53,0.0,1,199.8,1659.8,1739.0,0
MN06,2018,2,Dongri Buzurg,60.42,4.08,6.8,0,200.0,1659.8,1691.9,0
MN06,2018,3,Dongri Buzurg,53.25,4.9,3.5,0,200.0,1659.8,1650.8,1
MN06,2018,4,Dongri Buzurg,61.88,3.89,4.2,0,199.7,1798.1,1856.4,0
MN06,2018,5,Dongri Buzurg,59.59,3.9,4.4,0,199.9,1798.1,1847.2,0
MN06,2018,6,Dongri Buzurg,55.29,6.57,82.3,2,199.8,1798.1,1658.6,1
MN06,2018,7,Dongri Buzurg,48.78,7.8,107.8,4,199.8,1798.1,1512.1,1
MN06,2018,8,Dongri Buzurg,53.33,6.18,63.7,2,199.7,1798.1,1653.2,1
MN06,2018,9,Dongri Buzurg,57.35,5.62,40.5,1,199.8,1798.1,1720.6,1
MN06,2018,10,Dongri Buzurg,59.79,3.95,0.2,1,199.8,1798.1,1853.6,0
MN06,2018,11,Dongri Buzurg,63.9,2.94,0.1,0,199.9,1798.1,1917.0,0
MN06,2018,12,Dongri Buzurg,60.29,3.58,16.7,1,200.0,1798.1,1869.1,0
MN06,2019,1,Dongri Buzurg,59.1,4.14,14.7,0,199.9,1798.1,1832.2,0
MN06,2019,2,Dongri Buzurg,64.49,4.7,0.6,1,199.8,1798.1,1805.6,0
MN06,2019,3,Dongri Buzurg,60.13,3.57,9.4,0,199.9,1798.1,1864.0,0
MN06,2019,4,Dongri Buzurg,63.81,4.05,4.8,0,199.9,1867.2,1914.2,0
MN06,2019,5,Dongri Buzurg,60.48,4.48,0.0,0,199.9,1867.2,1874.8,0
MN06,2019,6,Dongri Buzurg,58.25,6.15,54.7,2,199.7,1867.2,1747.5,1
MN06,2019,7,Dongri Buzurg,54.4,6.14,113.4,3,199.7,1867.2,1686.4,1
MN06,2019,8,Dongri Buzurg,53.53,6.96,118.4,1,199.8,1867.2,1659.5,1
MN06,2019,9,Dongri Buzurg,56.38,6.63,34.2,1,199.9,1867.2,1691.4,1
MN06,2019,10,Dongri Buzurg,59.91,4.64,15.1,0,200.0,1867.2,1857.4,1
MN06,2019,11,Dongri Buzurg,64.09,3.96,1.5,0,199.8,1867.2,1922.7,0
MN06,2019,12,Dongri Buzurg,60.46,4.48,3.6,0,199.8,1867.2,1874.2,0
MN06,2020,1,Dongri Buzurg,59.1,5.0,29.7,1,199.8,1867.2,1832.2,1
MN06,2020,2,Dongri Buzurg,64.26,4.8,10.5,0,199.8,1867.2,1863.4,1
MN06,2020,3,Dongri Buzurg,60.88,4.32,39.5,1,200.0,1867.2,1887.2,0
MN06,2020,4,Dongri Buzurg,58.06,4.45,0.3,1,199.9,1728.9,1741.7,0
MN06,2020,5,Dongri Buzurg,57.22,3.72,0.7,1,199.9,1728.9,1773.8,0
MN06,2020,6,Dongri Buzurg,53.61,6.34,30.6,1,200.0,1728.9,1608.2,1
MN06,2020,7,Dongri Buzurg,51.06,6.46,32.1,1,199.7,1728.9,1582.9,1
MN06,2020,8,Dongri Buzurg,46.6,7.23,201.8,3,198.7,1728.9,1444.6,1
MN06,2020,9,Dongri Buzurg,52.4,6.63,45.7,2,199.2,1728.9,1572.1,1
MN06,2020,10,Dongri Buzurg,56.02,4.32,21.2,1,199.8,1728.9,1736.7,0
MN06,2020,11,Dongri Buzurg,59.43,3.78,1.3,1,199.9,1728.9,1783.0,0
MN06,2020,12,Dongri Buzurg,56.86,4.39,0.2,0,199.9,1728.9,1762.7,0
MN06,2021,1,Dongri Buzurg,56.84,4.31,0.6,0,200.0,1728.9,1761.9,0
MN06,2021,2,Dongri Buzurg,62.9,4.32,1.6,1,199.9,1728.9,1761.2,0
MN06,2021,3,Dongri Buzurg,56.17,4.7,0.3,1,200.0,1728.9,1741.2,0
MN06,2021,4,Dongri Buzurg,62.54,3.64,0.5,0,199.9,1798.1,1876.2,0
MN06,2021,5,Dongri Buzurg,59.34,4.0,7.1,1,199.6,1798.1,1839.6,0
MN06,2021,6,Dongri Buzurg,53.43,7.23,40.1,1,199.6,1798.1,1602.9,1
MN06,2021,7,Dongri Buzurg,52.34,6.39,82.0,3,199.6,1798.1,1622.7,1
MN06,2021,8,Dongri Buzurg,53.63,6.05,60.5,1,199.6,1798.1,1662.7,1
MN06,2021,9,Dongri Buzurg,52.53,7.28,37.0,2,199.9,1798.1,1576.0,1
MN06,2021,10,Dongri Buzurg,57.89,4.77,16.7,0,199.8,1798.1,1794.7,1
MN06,2021,11,Dongri Buzurg,59.98,4.71,8.4,0,199.7,1798.1,1799.5,0
MN06,2021,12,Dongri Buzurg,60.36,3.45,19.1,1,199.9,1798.1,1871.1,0
MN06,2022,1,Dongri Buzurg,59.29,3.98,19.5,1,199.9,1798.1,1838.0,0
MN06,2022,2,Dongri Buzurg,63.79,4.84,2.4,1,199.9,1798.1,1786.2,1
MN06,2022,3,Dongri Buzurg,59.55,4.19,0.3,0,199.9,1798.1,1846.2,0
MN06,2022,4,Dongri Buzurg,61.84,4.96,0.0,1,199.7,1867.2,1855.3,1
MN06,2022,5,Dongri Buzurg,61.06,4.56,9.0,0,199.9,1867.2,1892.9,0
MN06,2022,6,Dongri Buzurg,57.85,6.34,23.0,0,199.8,1867.2,1735.5,1
MN06,2022,7,Dongri Buzurg,50.06,7.3,83.4,3,199.0,1867.2,1552.0,1
MN06,2022,8,Dongri Buzurg,52.84,6.96,124.5,3,199.1,1867.2,1638.0,1
MN06,2022,9,Dongri Buzurg,55.78,6.93,41.2,3,199.9,1867.2,1673.5,1
MN06,2022,10,Dongri Buzurg,61.35,3.99,22.7,0,200.0,1867.2,1901.8,0
MN06,2022,11,Dongri Buzurg,63.4,4.31,0.0,0,200.0,1867.2,1902.0,0
MN06,2022,12,Dongri Buzurg,60.33,4.72,3.3,0,199.9,1867.2,1870.2,0
MN06,2023,1,Dongri Buzurg,61.2,4.26,1.0,0,199.8,1867.2,1897.3,0
MN06,2023,2,Dongri Buzurg,65.64,5.32,0.0,0,200.0,1867.2,1838.0,1
MN06,2023,3,Dongri Buzurg,59.07,5.21,6.2,1,199.6,1867.2,1831.3,1
MN06,2023,4,Dongri Buzurg,73.96,4.44,36.1,1,199.9,2213.0,2218.7,0
MN06,2023,5,Dongri Buzurg,72.44,4.33,18.2,0,199.9,2213.0,2245.8,0
MN06,2023,6,Dongri Buzurg,66.02,7.28,63.4,2,199.7,2213.0,1980.7,1
MN06,2023,7,Dongri Buzurg,59.57,7.54,60.1,3,199.8,2213.0,1846.7,1
MN06,2023,8,Dongri Buzurg,65.13,6.63,50.8,2,199.4,2213.0,2019.0,1
MN06,2023,9,Dongri Buzurg,62.68,7.62,57.7,4,199.8,2213.0,1880.4,1
MN06,2023,10,Dongri Buzurg,72.03,4.5,2.4,1,199.9,2213.0,2232.9,0
MN06,2023,11,Dongri Buzurg,74.5,4.52,6.6,0,199.9,2213.0,2235.1,0
MN06,2023,12,Dongri Buzurg,71.77,4.76,13.5,0,199.9,2213.0,2225.0,0
MN06,2024,1,Dongri Buzurg,71.62,4.74,5.2,0,199.9,2213.0,2220.2,0
MN06,2024,2,Dongri Buzurg,75.47,4.89,17.9,1,199.7,2213.0,2188.6,1
MN06,2024,3,Dongri Buzurg,71.15,4.84,19.3,0,199.9,2213.0,2205.6,1
MN06,2024,4,Dongri Buzurg,85.52,3.79,15.5,1,199.9,2489.6,2565.5,0
MN06,2024,5,Dongri Buzurg,79.59,4.99,15.6,1,199.9,2489.6,2467.2,1
MN06,2024,6,Dongri Buzurg,70.95,8.24,23.5,0,199.8,2489.6,2128.4,1
MN06,2024,7,Dongri Buzurg,65.05,7.67,93.5,5,199.5,2489.6,2016.6,1
MN06,2024,8,Dongri Buzurg,68.46,7.7,46.9,3,199.6,2489.6,2122.2,1
MN06,2024,9,Dongri Buzurg,69.54,8.23,78.1,2,199.5,2489.6,2086.4,1
MN06,2024,10,Dongri Buzurg,78.65,5.19,18.5,0,199.9,2489.6,2438.1,1
MN06,2024,11,Dongri Buzurg,82.81,4.89,0.1,0,199.9,2489.6,2484.3,1
MN06,2024,12,Dongri Buzurg,80.71,4.76,9.7,0,199.8,2489.6,2502.0,0
MN07,2015,1,Beldongri,8.58,4.85,9.1,0,63.7,265.5,265.8,0
MN07,2015,2,Beldongri,9.83,4.78,2.2,1,65.4,265.5,275.3,0
MN07,2015,3,Beldongri,8.62,5.15,32.5,2,64.9,265.5,267.1,0
MN07,2015,4,Beldongri,8.19,4.72,18.7,1,65.2,238.6,245.8,0
MN07,2015,5,Beldongri,7.66,4.67,6.5,1,62.5,238.6,237.6,1
MN07,2015,6,Beldongri,7.27,6.56,44.2,1,62.7,238.6,218.0,1
MN07,2015,7,Beldongri,7.39,5.98,89.0,2,63.9,238.6,229.0,1
MN07,2015,8,Beldongri,7.08,6.69,128.7,2,63.1,238.6,219.4,1
MN07,2015,9,Beldongri,7.75,6.53,67.9,1,65.7,238.6,232.5,1
MN07,2015,10,Beldongri,7.82,4.95,2.2,1,64.4,238.6,242.5,0
MN07,2015,11,Beldongri,8.17,5.07,0.3,0,65.2,238.6,245.2,0
MN07,2015,12,Beldongri,7.99,4.97,0.5,1,66.5,238.6,247.8,0
MN07,2016,1,Beldongri,7.89,4.93,0.3,1,65.0,238.6,244.6,0
MN07,2016,2,Beldongri,8.38,4.72,3.5,1,64.3,238.6,242.9,0
MN07,2016,3,Beldongri,7.81,4.93,3.8,0,64.5,238.6,242.0,0
MN07,2016,4,Beldongri,7.76,4.51,0.8,1,63.9,228.2,232.8,0
MN07,2016,5,Beldongri,7.56,4.68,1.5,1,64.7,228.2,234.2,0
MN07,2016,6,Beldongri,7.25,6.65,61.5,1,65.4,228.2,217.4,1
MN07,2016,7,Beldongri,6.63,6.67,173.6,3,63.3,228.2,205.6,1
MN07,2016,8,Beldongri,7.03,6.04,76.4,2,65.0,228.2,217.8,1
MN07,2016,9,Beldongri,7.32,6.17,27.4,1,65.4,228.2,219.7,1
MN07,2016,10,Beldongri,7.47,4.88,14.9,0,64.2,228.2,231.7,0
MN07,2016,11,Beldongri,7.55,5.4,0.0,0,64.1,228.2,226.4,1
MN07,2016,12,Beldongri,7.45,4.92,0.0,0,64.6,228.2,230.9,0
MN07,2017,1,Beldongri,7.63,4.75,0.4,1,65.2,228.2,236.7,0
MN07,2017,2,Beldongri,8.31,5.05,2.5,0,64.8,228.2,232.7,0
MN07,2017,3,Beldongri,7.51,5.03,6.8,0,65.0,228.2,232.9,0
MN07,2017,4,Beldongri,8.4,4.88,0.1,0,64.2,249.0,251.9,0
MN07,2017,5,Beldongri,8.11,5.04,2.4,1,64.5,249.0,251.3,0
MN07,2017,6,Beldongri,7.95,6.49,31.0,1,65.3,249.0,238.5,1
MN07,2017,7,Beldongri,7.64,5.92,49.8,2,63.5,249.0,237.0,1
MN07,2017,8,Beldongri,7.77,6.33,34.2,2,65.6,249.0,240.9,1
MN07,2017,9,Beldongri,7.95,6.33,29.9,2,65.0,249.0,238.4,1
MN07,2017,10,Beldongri,7.97,5.56,11.6,0,64.4,249.0,247.0,1
MN07,2017,11,Beldongri,8.54,4.68,0.3,0,64.6,249.0,256.2,0
MN07,2017,12,Beldongri,8.39,4.64,0.0,0,65.0,249.0,260.2,0
MN07,2018,1,Beldongri,8.14,5.2,0.0,0,65.1,249.0,252.3,0
MN07,2018,2,Beldongri,9.15,5.0,12.4,1,65.5,249.0,256.1,0
MN07,2018,3,Beldongri,8.1,5.32,1.5,1,64.6,249.0,251.1,0
MN07,2018,4,Beldongri,9.44,4.67,3.0,1,65.8,269.7,283.1,0
MN07,2018,5,Beldongri,8.72,5.33,1.8,0,64.7,269.7,270.4,0
MN07,2018,6,Beldongri,8.49,7.01,32.6,2,66.1,269.7,254.7,1
MN07,2018,7,Beldongri,7.92,6.4,91.4,5,65.2,269.7,245.5,1
MN07,2018,8,Beldongri,8.19,6.01,173.1,2,63.8,269.7,253.9,1
MN07,2018,9,Beldongri,8.5,6.46,52.0,1,64.0,269.7,255.0,1
MN07,2018,10,Beldongri,8.84,4.87,0.2,0,64.5,269.7,274.2,0
MN07,2018,11,Beldongri,9.17,5.17,0.7,1,65.1,269.7,275.1,0
MN07,2018,12,Beldongri,8.96,4.94,11.0,0,64.8,269.7,277.8,0
MN07,2019,1,Beldongri,8.91,4.65,12.5,0,64.5,269.7,276.3,0
MN07,2019,2,Beldongri,9.83,5.06,1.8,1,64.8,269.7,275.3,0
MN07,2019,3,Beldongri,8.93,4.81,3.3,0,64.6,269.7,276.9,0
MN07,2019,4,Beldongri,9.57,4.76,0.2,1,64.5,280.1,287.0,0
MN07,2019,5,Beldongri,9.12,4.95,0.0,0,64.0,280.1,282.6,0
MN07,2019,6,Beldongri,9.25,5.78,23.1,0,65.5,280.1,277.4,1
MN07,2019,7,Beldongri,8.16,6.25,142.4,4,63.0,280.1,252.9,1
MN07,2019,8,Beldongri,8.64,5.99,96.7,3,65.4,280.1,267.8,1
MN07,2019,9,Beldongri,8.47,6.94,27.9,2,64.9,280.1,254.1,1
MN07,2019,10,Beldongri,9.38,4.91,8.8,1,66.1,280.1,290.7,0
MN07,2019,11,Beldongri,9.69,5.04,0.7,0,66.1,280.1,290.7,0
MN07,2019,12,Beldongri,9.38,4.91,15.7,0,66.2,280.1,290.7,0
MN07,2020,1,Beldongri,9.21,5.08,16.9,0,65.1,280.1,285.5,0
MN07,2020,2,Beldongri,9.89,4.72,10.4,1,64.8,280.1,286.7,0
MN07,2020,3,Beldongri,9.27,4.85,6.0,1,65.1,280.1,287.5,0
MN07,2020,4,Beldongri,8.74,5.3,0.6,1,65.3,259.3,262.2,0
MN07,2020,5,Beldongri,8.53,4.97,0.7,0,65.3,259.3,264.4,0
MN07,2020,6,Beldongri,8.36,5.99,68.8,1,65.2,259.3,250.7,1
MN07,2020,7,Beldongri,7.68,6.68,22.6,0,63.5,259.3,238.2,1
MN07,2020,8,Beldongri,7.32,7.15,183.8,3,63.7,259.3,226.8,1
MN07,2020,9,Beldongri,8.2,6.59,33.6,1,66.1,259.3,246.1,1
MN07,2020,10,Beldongri,8.42,4.93,21.2,1,64.5,259.3,261.1,0
MN07,2020,11,Beldongri,9.07,4.65,1.5,0,66.0,259.3,272.0,0
MN07,2020,12,Beldongri,8.5,5.21,0.2,1,65.1,259.3,263.6,0
MN07,2021,1,Beldongri,8.39,5.19,0.9,1,64.4,259.3,260.2,0
MN07,2021,2,Beldongri,9.54,4.6,2.8,1,64.6,259.3,267.0,0
MN07,2021,3,Beldongri,8.67,4.88,0.4,1,64.9,259.3,268.8,0
MN07,2021,4,Beldongri,9.34,4.98,0.3,0,66.0,269.7,280.0,0
MN07,2021,5,Beldongri,8.92,5.19,4.7,0,65.2,269.7,276.7,0
MN07,2021,6,Beldongri,8.35,6.65,23.3,0,63.9,269.7,250.4,1
MN07,2021,7,Beldongri,8.16,6.17,67.8,3,64.5,269.7,252.9,1
MN07,2021,8,Beldongri,8.17,6.46,35.8,3,65.0,269.7,253.3,1
MN07,2021,9,Beldongri,8.6,5.82,59.7,1,64.6,269.7,258.1,1
MN07,2021,10,Beldongri,9.03,5.31,12.0,0,66.6,269.7,279.8,0
MN07,2021,11,Beldongri,9.18,4.88,5.1,1,64.6,269.7,275.4,0
MN07,2021,12,Beldongri,8.86,5.17,23.3,0,64.9,269.7,274.8,0
MN07,2022,1,Beldongri,8.58,5.34,14.9,0,63.8,269.7,265.9,1
MN07,2022,2,Beldongri,10.12,4.7,1.3,0,66.1,269.7,283.4,0
MN07,2022,3,Beldongri,9.0,4.89,0.0,1,65.7,269.7,279.2,0
MN07,2022,4,Beldongri,9.66,4.68,0.0,0,65.3,280.1,289.8,0
MN07,2022,5,Beldongri,9.31,4.89,1.1,1,64.8,280.1,288.7,0
MN07,2022,6,Beldongri,9.0,6.36,28.0,1,65.5,280.1,270.2,1
MN07,2022,7,Beldongri,7.55,6.39,89.1,7,63.9,280.1,233.9,1
MN07,2022,8,Beldongri,8.39,6.21,168.4,3,64.2,280.1,259.9,1
MN07,2022,9,Beldongri,8.95,6.09,31.5,2,65.0,280.1,268.5,1
MN07,2022,10,Beldongri,8.9,5.37,25.9,1,64.1,280.1,275.8,1
MN07,2022,11,Beldongri,9.54,4.87,0.0,0,64.6,280.1,286.1,0
MN07,2022,12,Beldongri,9.31,4.8,20.6,1,64.9,280.1,288.6,0
MN07,2023,1,Beldongri,9.46,4.61,0.3,1,65.7,280.1,293.3,0
MN07,2023,2,Beldongri,10.27,4.71,0.0,1,63.9,280.1,287.5,0
MN07,2023,3,Beldongri,9.29,4.84,9.2,0,64.7,280.1,288.0,0
MN07,2023,4,Beldongri,11.01,5.34,35.4,1,64.4,332.0,330.4,1
MN07,2023,5,Beldongri,11.09,4.9,28.0,1,66.0,332.0,343.8,0
MN07,2023,6,Beldongri,10.67,5.83,68.6,2,64.3,332.0,320.2,1
MN07,2023,7,Beldongri,9.01,6.92,60.5,5,63.6,332.0,279.2,1
MN07,2023,8,Beldongri,9.89,6.38,55.0,3,63.0,332.0,306.6,1
MN07,2023,9,Beldongri,9.73,7.58,65.4,4,64.3,332.0,291.8,1
MN07,2023,10,Beldongri,11.12,4.64,2.1,1,65.0,332.0,344.7,0
MN07,2023,11,Beldongri,11.55,4.88,4.1,0,66.2,332.0,346.5,0
MN07,2023,12,Beldongri,11.11,4.64,2.2,1,65.1,332.0,344.4,0
MN07,2024,1,Beldongri,11.18,5.06,6.7,0,66.9,332.0,346.6,0
MN07,2024,2,Beldongri,11.42,5.26,12.5,0,64.3,332.0,331.2,1
MN07,2024,3,Beldongri,10.86,4.81,6.8,0,64.3,332.0,336.7,0
MN07,2024,4,Beldongri,12.81,4.93,4.4,0,65.2,373.4,384.4,0
MN07,2024,5,Beldongri,12.07,5.03,7.7,1,63.7,373.4,374.2,0
MN07,2024,6,Beldongri,12.1,6.11,25.5,1,65.6,373.4,362.9,1
MN07,2024,7,Beldongri,10.49,7.21,94.2,4,64.0,373.4,325.3,1
MN07,2024,8,Beldongri,11.3,6.83,38.8,1,66.1,373.4,350.4,1
MN07,2024,9,Beldongri,11.28,6.65,91.0,2,63.5,373.4,338.3,1
MN07,2024,10,Beldongri,12.4,4.87,12.4,0,65.1,373.4,384.5,0
MN07,2024,11,Beldongri,12.66,5.17,0.0,0,64.9,373.4,379.9,0
MN07,2024,12,Beldongri,12.55,4.78,3.1,1,65.9,373.4,388.9,0
MN08,2015,1,Kandri,36.63,4.76,9.5,0,143.0,1106.2,1135.6,0
MN08,2015,2,Kandri,40.56,4.75,1.2,0,142.5,1106.2,1135.8,0
MN08,2015,3,Kandri,36.51,4.85,26.3,1,143.7,1106.2,1131.7,0
MN08,2015,4,Kandri,33.37,5.1,19.0,0,142.9,994.1,1001.1,0
MN08,2015,5,Kandri,32.87,5.09,11.4,1,144.4,994.1,1018.9,0
MN08,2015,6,Kandri,31.07,6.34,49.5,4,144.1,994.1,932.2,1
MN08,2015,7,Kandri,29.82,6.98,95.3,2,143.4,994.1,924.5,1
MN08,2015,8,Kandri,29.58,6.55,147.6,3,142.9,994.1,917.1,1
MN08,2015,9,Kandri,31.53,6.27,76.6,1,142.6,994.1,945.8,1
MN08,2015,10,Kandri,32.65,5.13,4.4,0,143.6,994.1,1012.2,0
MN08,2015,11,Kandri,33.81,5.31,0.4,1,144.7,994.1,1014.3,0
MN08,2015,12,Kandri,32.86,4.88,0.2,0,143.4,994.1,1018.7,0
MN08,2016,1,Kandri,34.43,3.75,0.0,0,144.2,994.1,1067.4,0
MN08,2016,2,Kandri,35.26,4.67,0.6,0,143.1,994.1,1022.6,0
MN08,2016,3,Kandri,33.06,4.65,6.7,0,144.0,994.1,1025.0,0
MN08,2016,4,Kandri,33.93,3.66,2.5,1,143.7,950.9,1017.8,0
MN08,2016,5,Kandri,33.08,3.5,1.6,1,144.0,950.9,1025.4,0
MN08,2016,6,Kandri,30.2,6.22,72.9,1,143.3,950.9,906.0,1
MN08,2016,7,Kandri,26.92,6.87,141.0,3,142.3,950.9,834.4,1
MN08,2016,8,Kandri,29.3,5.97,82.1,1,143.5,950.9,908.4,1
MN08,2016,9,Kandri,28.71,7.41,35.0,1,143.1,950.9,861.2,1
MN08,2016,10,Kandri,31.92,4.36,15.2,0,143.6,950.9,989.6,0
MN08,2016,11,Kandri,34.86,2.72,0.0,0,142.9,950.9,1045.9,0
MN08,2016,12,Kandri,31.33,4.98,0.0,1,143.2,950.9,971.2,0
MN08,2017,1,Kandri,31.21,5.31,0.9,0,143.8,950.9,967.6,0
MN08,2017,2,Kandri,35.04,4.49,2.4,1,142.9,950.9,981.1,0
MN08,2017,3,Kandri,31.58,4.76,2.9,0,143.7,950.9,979.0,0
MN08,2017,4,Kandri,34.12,5.75,0.1,1,143.3,1037.3,1023.5,1
MN08,2017,5,Kandri,34.66,4.53,4.5,1,143.5,1037.3,1074.4,0
MN08,2017,6,Kandri,32.72,6.67,33.0,1,143.2,1037.3,981.5,1
MN08,2017,7,Kandri,31.69,6.32,52.8,2,143.0,1037.3,982.3,1
MN08,2017,8,Kandri,29.87,8.0,36.4,2,144.2,1037.3,926.0,1
MN08,2017,9,Kandri,32.64,6.57,25.0,0,143.7,1037.3,979.0,1
MN08,2017,10,Kandri,32.85,5.82,23.0,1,143.3,1037.3,1018.5,1
MN08,2017,11,Kandri,35.86,4.35,0.4,1,143.2,1037.3,1075.8,0
MN08,2017,12,Kandri,33.97,5.27,0.0,1,143.9,1037.3,1053.0,0
MN08,2018,1,Kandri,35.14,4.27,0.0,0,143.8,1037.3,1089.3,0
MN08,2018,2,Kandri,38.1,4.49,11.7,1,142.0,1037.3,1066.8,0
MN08,2018,3,Kandri,34.94,4.47,0.4,1,143.7,1037.3,1083.0,0
MN08,2018,4,Kandri,39.33,3.96,1.7,0,141.3,1123.8,1180.0,0
MN08,2018,5,Kandri,37.13,4.78,3.6,0,143.2,1123.8,1151.2,0
MN08,2018,6,Kandri,35.28,6.56,34.8,1,143.0,1123.8,1058.3,1
MN08,2018,7,Kandri,31.12,8.16,108.6,2,142.0,1123.8,964.6,1
MN08,2018,8,Kandri,32.28,7.55,73.3,2,142.7,1123.8,1000.8,1
MN08,2018,9,Kandri,36.15,6.17,56.1,1,143.5,1123.8,1084.4,1
MN08,2018,10,Kandri,37.58,4.72,0.3,1,143.5,1123.8,1164.9,0
MN08,2018,11,Kandri,40.36,3.69,1.3,0,144.1,1123.8,1210.8,0
MN08,2018,12,Kandri,38.7,3.64,12.8,0,142.9,1123.8,1199.6,0
MN08,2019,1,Kandri,37.32,4.64,12.8,0,142.4,1123.8,1157.0,0
MN08,2019,2,Kandri,42.06,4.51,0.8,1,144.4,1123.8,1177.8,0
MN08,2019,3,Kandri,37.27,4.76,1.8,1,144.0,1123.8,1155.2,0
MN08,2019,4,Kandri,38.9,5.71,0.4,1,144.2,1167.0,1167.1,0
MN08,2019,5,Kandri,39.07,4.58,0.0,0,142.7,1167.0,1211.2,0
MN08,2019,6,Kandri,37.46,6.56,17.8,0,144.5,1167.0,1123.8,1
MN08,2019,7,Kandri,34.66,6.1,105.1,4,141.5,1167.0,1074.5,1
MN08,2019,8,Kandri,33.78,7.2,99.1,3,143.6,1167.0,1047.2,1
MN08,2019,9,Kandri,35.35,7.25,33.6,2,143.6,1167.0,1060.6,1
MN08,2019,10,Kandri,38.34,5.13,18.2,0,144.2,1167.0,1188.5,0
MN08,2019,11,Kandri,41.29,3.93,2.8,1,143.5,1167.0,1238.6,0
MN08,2019,12,Kandri,40.07,4.13,12.7,0,145.5,1167.0,1242.2,0
MN08,2020,1,Kandri,39.62,3.91,33.1,1,143.4,1167.0,1228.2,0
MN08,2020,2,Kandri,41.73,4.61,6.5,1,143.6,1167.0,1210.2,0
MN08,2020,3,Kandri,38.99,4.65,7.0,0,144.2,1167.0,1208.8,0
MN08,2020,4,Kandri,38.33,4.3,0.2,1,145.0,1080.6,1149.8,0
MN08,2020,5,Kandri,36.49,4.65,0.3,0,144.6,1080.6,1131.1,0
MN08,2020,6,Kandri,34.18,6.47,32.9,1,143.5,1080.6,1025.4,1
MN08,2020,7,Kandri,31.26,7.68,30.9,1,143.4,1080.6,969.2,1
MN08,2020,8,Kandri,30.85,7.15,270.1,3,142.9,1080.6,956.3,1
MN08,2020,9,Kandri,32.81,7.21,29.5,1,142.7,1080.6,984.4,1
MN08,2020,10,Kandri,36.72,4.18,18.2,1,144.5,1080.6,1138.4,0
MN08,2020,11,Kandri,38.04,4.48,0.9,0,145.0,1080.6,1141.3,0
MN08,2020,12,Kandri,36.4,4.56,0.1,0,144.4,1080.6,1128.4,0
MN08,2021,1,Kandri,36.48,4.42,0.5,1,143.5,1080.6,1130.8,0
MN08,2021,2,Kandri,40.64,4.07,2.0,1,143.3,1080.6,1137.9,0
MN08,2021,3,Kandri,36.94,4.22,0.4,0,144.6,1080.6,1145.2,0
MN08,2021,4,Kandri,37.71,5.42,3.1,1,143.6,1123.8,1131.3,0
MN08,2021,5,Kandri,38.01,4.31,3.5,0,143.4,1123.8,1178.2,0
MN08,2021,6,Kandri,34.51,7.27,33.6,1,143.5,1123.8,1035.2,1
MN08,2021,7,Kandri,32.48,6.92,73.2,4,143.0,1123.8,1007.0,1
MN08,2021,8,Kandri,33.37,7.44,34.1,2,143.7,1123.8,1034.4,1
MN08,2021,9,Kandri,34.12,7.29,29.3,1,143.8,1123.8,1023.6,1
MN08,2021,10,Kandri,37.16,4.68,10.7,0,143.8,1123.8,1152.0,0
MN08,2021,11,Kandri,38.89,4.42,22.1,2,144.8,1123.8,1166.7,0
MN08,2021,12,Kandri,36.7,5.2,8.4,1,143.8,1123.8,1137.6,0
MN08,2022,1,Kandri,37.94,4.51,11.1,0,144.5,1123.8,1176.2,0
MN08,2022,2,Kandri,40.68,5.12,0.6,0,142.9,1123.8,1139.0,0
MN08,2022,3,Kandri,37.96,4.3,0.3,0,144.0,1123.8,1176.8,0
MN08,2022,4,Kandri,40.5,4.56,0.0,0,144.0,1167.0,1214.9,0
MN08,2022,5,Kandri,38.66,5.0,0.4,1,144.4,1167.0,1198.4,0
MN08,2022,6,Kandri,32.68,9.28,46.5,1,142.3,1167.0,980.4,1
MN08,2022,7,Kandri,29.61,7.86,77.4,7,142.5,1167.0,918.1,1
MN08,2022,8,Kandri,33.27,7.27,80.3,3,142.4,1167.0,1031.4,1
MN08,2022,9,Kandri,33.66,8.59,30.7,2,143.4,1167.0,1009.8,1
MN08,2022,10,Kandri,38.15,5.13,21.7,1,144.2,1167.0,1182.7,0
MN08,2022,11,Kandri,40.79,4.4,0.0,1,144.6,1167.0,1223.8,0
MN08,2022,12,Kandri,38.44,5.17,2.6,0,144.8,1167.0,1191.7,0
MN08,2023,1,Kandri,37.19,5.7,0.4,0,143.2,1167.0,1152.8,1
MN08,2023,2,Kandri,42.22,5.07,0.0,1,143.1,1167.0,1182.0,0
MN08,2023,3,Kandri,38.37,5.09,10.4,1,143.5,1167.0,1189.6,0
MN08,2023,4,Kandri,45.3,5.49,62.0,1,142.6,1383.1,1359.1,1
MN08,2023,5,Kandri,44.38,5.58,31.8,1,143.2,1383.1,1375.9,1
MN08,2023,6,Kandri,40.78,8.41,23.9,1,143.6,1383.1,1223.5,1
MN08,2023,7,Kandri,36.81,8.7,87.8,3,143.3,1383.1,1141.2,1
MN08,2023,8,Kandri,40.29,7.61,49.7,3,143.5,1383.1,1249.1,1
MN08,2023,9,Kandri,41.4,7.12,52.4,2,141.8,1383.1,1241.9,1
MN08,2023,10,Kandri,44.2,5.81,7.2,1,143.9,1383.1,1370.1,1
MN08,2023,11,Kandri,46.63,5.07,21.8,0,142.5,1383.1,1399.0,0
MN08,2023,12,Kandri,44.0,5.73,6.0,1,142.5,1383.1,1364.1,1
MN08,2024,1,Kandri,46.73,4.5,3.5,0,144.7,1383.1,1448.8,0
MN08,2024,2,Kandri,47.58,5.48,6.9,0,143.4,1383.1,1379.8,1
MN08,2024,3,Kandri,44.51,5.61,8.1,1,144.1,1383.1,1379.9,1
MN08,2024,4,Kandri,52.97,4.85,8.0,2,143.2,1556.0,1589.1,0
MN08,2024,5,Kandri,51.21,5.2,11.9,1,144.5,1556.0,1587.6,0
MN08,2024,6,Kandri,46.29,8.2,24.9,0,144.3,1556.0,1388.7,1
MN08,2024,7,Kandri,43.98,7.05,92.2,4,143.0,1556.0,1363.4,1
MN08,2024,8,Kandri,44.98,7.78,44.2,2,143.6,1556.0,1394.4,1
MN08,2024,9,Kandri,45.43,8.12,55.5,2,143.4,1556.0,1363.0,1
MN08,2024,10,Kandri,51.0,5.05,12.4,0,143.1,1556.0,1581.1,0
MN08,2024,11,Kandri,52.74,5.15,0.0,0,143.4,1556.0,1582.1,0
MN08,2024,12,Kandri,50.92,5.2,1.0,1,144.3,1556.0,1578.6,0
MN09,2015,1,Munsar,26.6,4.84,7.6,1,115.2,796.4,824.6,0
MN09,2015,2,Munsar,29.21,4.96,1.2,0,114.8,796.4,817.8,0
MN09,2015,3,Munsar,26.11,4.81,19.9,1,113.8,796.4,809.4,0
MN09,2015,4,Munsar,24.23,5.03,18.1,0,115.0,715.8,726.9,0
MN09,2015,5,Munsar,23.94,4.59,10.1,0,114.5,715.8,742.0,0
MN09,2015,6,Munsar,22.36,6.19,65.6,1,113.2,715.8,670.7,1
MN09,2015,7,Munsar,21.3,6.61,90.3,3,113.6,715.8,660.4,1
MN09,2015,8,Munsar,20.06,7.73,114.3,2,112.9,715.8,621.7,1
MN09,2015,9,Munsar,22.56,6.44,82.1,1,113.3,715.8,676.8,1
MN09,2015,10,Munsar,23.96,4.59,6.1,0,114.5,715.8,742.7,0
MN09,2015,11,Munsar,24.56,4.94,0.2,0,115.2,715.8,736.7,0
MN09,2015,12,Munsar,23.4,5.31,1.3,0,114.4,715.8,725.5,0
MN09,2016,1,Munsar,23.51,5.28,0.7,1,115.3,715.8,728.8,0
MN09,2016,2,Munsar,25.29,4.97,3.0,1,115.4,715.8,733.5,0
MN09,2016,3,Munsar,23.71,4.94,18.8,0,115.8,715.8,734.9,0
MN09,2016,4,Munsar,23.57,4.76,2.7,0,114.3,684.6,707.2,0
MN09,2016,5,Munsar,22.87,4.83,2.9,0,114.7,684.6,708.9,0
MN09,2016,6,Munsar,22.08,5.83,51.2,1,113.7,684.6,662.5,1
MN09,2016,7,Munsar,18.19,7.5,104.6,6,113.6,684.6,563.9,1
MN09,2016,8,Munsar,21.02,6.15,39.0,1,114.9,684.6,651.5,1
MN09,2016,9,Munsar,21.25,6.61,41.9,2,114.1,684.6,637.5,1
MN09,2016,10,Munsar,22.49,5.16,21.6,0,115.8,684.6,697.3,0
MN09,2016,11,Munsar,23.54,4.76,0.0,1,114.6,684.6,706.3,0
MN09,2016,12,Munsar,22.67,4.83,0.0,1,114.2,684.6,702.7,0
MN09,2017,1,Munsar,22.36,5.02,0.7,0,113.7,684.6,693.2,0
MN09,2017,2,Munsar,25.56,4.59,1.0,1,115.7,684.6,715.7,0
MN09,2017,3,Munsar,22.97,4.69,15.4,1,115.5,684.6,712.1,0
MN09,2017,4,Munsar,25.24,5.08,0.2,0,114.9,746.9,757.1,0
MN09,2017,5,Munsar,24.78,4.77,3.0,1,114.1,746.9,768.2,0
MN09,2017,6,Munsar,23.63,6.68,34.8,1,114.6,746.9,708.8,1
MN09,2017,7,Munsar,23.27,5.89,86.4,1,114.2,746.9,721.3,1
MN09,2017,8,Munsar,22.65,6.29,83.4,1,113.5,746.9,702.0,1
MN09,2017,9,Munsar,23.84,6.26,52.4,2,114.3,746.9,715.1,1
MN09,2017,10,Munsar,24.77,4.8,18.9,1,115.1,746.9,767.9,0
MN09,2017,11,Munsar,25.22,5.22,0.3,1,114.3,746.9,756.7,0
MN09,2017,12,Munsar,24.52,5.26,0.0,1,115.6,746.9,760.2,0
MN09,2018,1,Munsar,25.16,4.51,0.0,0,114.9,746.9,779.9,0
MN09,2018,2,Munsar,27.44,4.88,7.1,0,115.1,746.9,768.3,0
MN09,2018,3,Munsar,24.71,4.91,1.1,0,114.8,746.9,766.1,0
MN09,2018,4,Munsar,27.92,4.69,2.5,0,114.6,809.1,837.7,0
MN09,2018,5,Munsar,27.23,4.71,2.8,1,115.4,809.1,844.1,0
MN09,2018,6,Munsar,26.61,5.62,49.0,2,114.8,809.1,798.3,1
MN09,2018,7,Munsar,23.36,7.0,131.8,2,113.5,809.1,724.1,1
MN09,2018,8,Munsar,23.58,6.95,133.3,2,114.1,809.1,731.0,1
MN09,2018,9,Munsar,26.19,6.35,45.8,1,115.5,809.1,785.7,1
MN09,2018,10,Munsar,26.86,4.92,0.4,1,115.6,809.1,832.6,0
MN09,2018,11,Munsar,27.47,5.0,0.2,1,114.1,809.1,824.2,0
MN09,2018,12,Munsar,26.78,4.76,16.1,0,114.0,809.1,830.2,0
MN09,2019,1,Munsar,26.95,4.88,25.0,1,115.8,809.1,835.5,0
MN09,2019,2,Munsar,29.96,4.68,0.7,0,114.8,809.1,838.9,0
MN09,2019,3,Munsar,26.64,5.09,7.1,1,114.3,809.1,826.0,0
MN09,2019,4,Munsar,28.42,5.06,0.7,1,113.8,840.2,852.7,0
MN09,2019,5,Munsar,27.64,5.18,0.0,1,115.1,840.2,856.8,0
MN09,2019,6,Munsar,27.36,6.02,30.7,1,115.3,840.2,820.7,1
MN09,2019,7,Munsar,25.29,6.32,94.9,3,115.2,840.2,784.1,1
MN09,2019,8,Munsar,24.71,7.0,101.8,2,114.8,840.2,766.2,1
MN09,2019,9,Munsar,25.86,6.55,39.1,2,114.3,840.2,775.8,1
MN09,2019,10,Munsar,27.59,5.0,17.3,1,114.7,840.2,855.3,0
MN09,2019,11,Munsar,29.27,4.61,0.2,0,115.9,840.2,878.0,0
MN09,2019,12,Munsar,27.48,4.99,7.4,0,114.2,840.2,851.9,0
MN09,2020,1,Munsar,27.71,4.86,28.2,1,114.4,840.2,859.1,0
MN09,2020,2,Munsar,29.68,4.95,11.1,1,115.7,840.2,860.7,0
MN09,2020,3,Munsar,26.84,5.42,43.7,1,113.3,840.2,832.0,1
MN09,2020,4,Munsar,26.93,4.56,0.5,0,114.7,778.0,807.8,0
MN09,2020,5,Munsar,25.7,4.88,0.8,0,114.0,778.0,796.6,0
MN09,2020,6,Munsar,25.15,6.21,33.0,1,115.1,778.0,754.4,1
MN09,2020,7,Munsar,23.33,6.79,30.4,1,113.9,778.0,723.3,1
MN09,2020,8,Munsar,21.97,7.25,154.3,3,114.3,778.0,681.1,1
MN09,2020,9,Munsar,25.02,6.28,47.1,1,115.9,778.0,750.6,1
MN09,2020,10,Munsar,25.41,5.09,23.4,0,115.0,778.0,787.8,0
MN09,2020,11,Munsar,27.01,4.62,1.8,1,115.7,778.0,810.2,0
MN09,2020,12,Munsar,26.01,4.58,0.0,0,114.7,778.0,806.3,0
MN09,2021,1,Munsar,25.11,5.21,1.1,0,113.7,778.0,778.4,0
MN09,2021,2,Munsar,28.23,5.05,2.9,0,114.5,778.0,790.5,0
MN09,2021,3,Munsar,25.49,5.36,0.6,1,114.9,778.0,790.1,0
MN09,2021,4,Munsar,27.83,5.0,0.5,0,115.6,809.1,834.8,0
MN09,2021,5,Munsar,26.72,4.92,5.8,0,114.2,809.1,828.4,0
MN09,2021,6,Munsar,26.06,6.07,31.5,2,114.8,809.1,781.9,1
MN09,2021,7,Munsar,24.3,6.64,78.3,1,114.5,809.1,753.2,1
MN09,2021,8,Munsar,24.43,6.53,61.3,2,114.1,809.1,757.2,1
MN09,2021,9,Munsar,24.83,6.63,64.0,2,113.6,809.1,745.0,1
MN09,2021,10,Munsar,26.39,5.1,14.0,1,114.0,809.1,818.2,0
MN09,2021,11,Munsar,27.79,4.63,4.0,1,114.0,809.1,833.6,0
MN09,2021,12,Munsar,26.94,4.86,23.0,1,114.8,809.1,835.1,0
MN09,2022,1,Munsar,26.76,4.94,16.7,0,115.5,809.1,829.6,0
MN09,2022,2,Munsar,29.22,5.09,7.8,0,114.1,809.1,818.0,0
MN09,2022,3,Munsar,26.96,5.15,0.0,0,115.7,809.1,835.9,0
MN09,2022,4,Munsar,28.79,4.6,0.8,1,113.9,840.2,863.6,0
MN09,2022,5,Munsar,27.18,5.14,10.0,0,113.7,840.2,842.5,0
MN09,2022,6,Munsar,26.83,6.13,31.0,1,113.9,840.2,804.8,1
MN09,2022,7,Munsar,23.39,6.87,76.8,3,113.1,840.2,725.2,1
MN09,2022,8,Munsar,24.72,6.86,89.3,3,115.0,840.2,766.4,1
MN09,2022,9,Munsar,26.93,6.01,33.5,2,114.9,840.2,807.9,1
MN09,2022,10,Munsar,27.09,5.5,22.3,0,115.1,840.2,839.8,1
MN09,2022,11,Munsar,27.85,5.28,0.0,0,112.8,840.2,835.4,1
MN09,2022,12,Munsar,27.79,5.26,8.6,1,115.8,840.2,861.5,0
MN09,2023,1,Munsar,27.96,4.76,0.2,1,114.7,840.2,866.9,0
MN09,2023,2,Munsar,30.28,5.08,0.0,0,114.7,840.2,847.8,0
MN09,2023,3,Munsar,27.25,5.1,4.7,0,113.0,840.2,844.7,0
MN09,2023,4,Munsar,33.84,4.74,30.3,1,114.6,995.9,1015.2,0
MN09,2023,5,Munsar,32.7,4.7,21.7,0,113.8,995.9,1013.8,0
MN09,2023,6,Munsar,31.62,6.33,68.1,2,114.6,995.9,948.7,1
MN09,2023,7,Munsar,29.21,6.13,58.6,3,114.6,995.9,905.6,1
MN09,2023,8,Munsar,30.4,6.28,47.8,3,114.2,995.9,942.5,1
MN09,2023,9,Munsar,30.12,6.66,58.3,3,113.4,995.9,903.7,1
MN09,2023,10,Munsar,33.51,4.51,4.3,1,114.7,995.9,1038.9,0
MN09,2023,11,Munsar,34.17,4.82,3.6,0,114.7,995.9,1025.1,0
MN09,2023,12,Munsar,32.16,5.55,8.0,1,114.2,995.9,997.1,0
MN09,2024,1,Munsar,32.43,5.36,4.3,1,115.0,995.9,1005.3,0
MN09,2024,2,Munsar,34.67,5.11,18.8,0,114.0,995.9,1005.4,0
MN09,2024,3,Munsar,33.22,4.56,17.6,1,115.2,995.9,1029.8,0
MN09,2024,4,Munsar,38.14,4.85,6.8,1,114.9,1120.3,1144.1,0
MN09,2024,5,Munsar,37.11,5.17,5.8,1,115.8,1120.3,1150.3,0
MN09,2024,6,Munsar,35.03,6.71,22.2,0,114.0,1120.3,1050.8,1
MN09,2024,7,Munsar,30.32,7.56,70.8,4,113.0,1120.3,940.0,1
MN09,2024,8,Munsar,33.71,6.44,38.7,3,115.2,1120.3,1045.0,1
MN09,2024,9,Munsar,34.32,6.9,73.3,2,114.5,1120.3,1029.6,1
MN09,2024,10,Munsar,36.67,5.31,16.6,2,115.5,1120.3,1136.6,0
MN09,2024,11,Munsar,38.27,4.78,0.0,1,114.4,1120.3,1148.1,0
MN09,2024,12,Munsar,37.57,4.6,2.9,1,115.3,1120.3,1164.5,0
MN10,2015,1,Gumgaon,28.99,5.29,9.1,0,123.3,884.9,898.7,0
MN10,2015,2,Gumgaon,32.49,4.98,2.2,0,123.2,884.9,909.7,0
MN10,2015,3,Gumgaon,28.88,4.95,32.5,2,122.3,884.9,895.4,0
MN10,2015,4,Gumgaon,27.25,4.7,18.7,1,122.3,795.3,817.4,0
MN10,2015,5,Gumgaon,26.67,4.7,6.5,1,123.6,795.3,826.8,0
MN10,2015,6,Gumgaon,24.86,6.88,44.2,1,123.3,795.3,745.9,1
MN10,2015,7,Gumgaon,23.97,6.58,89.0,2,122.4,795.3,743.1,1
MN10,2015,8,Gumgaon,23.41,6.93,128.7,2,122.7,795.3,725.7,1
MN10,2015,9,Gumgaon,25.42,5.88,67.9,1,121.3,795.3,762.6,1
MN10,2015,10,Gumgaon,25.83,5.03,2.2,0,121.9,795.3,800.7,0
MN10,2015,11,Gumgaon,27.29,4.95,0.3,1,124.1,795.3,818.7,0
MN10,2015,12,Gumgaon,26.82,4.56,0.5,0,123.2,795.3,831.4,0
MN10,2016,1,Gumgaon,26.36,4.66,0.3,0,121.8,795.3,817.1,0
MN10,2016,2,Gumgaon,30.39,2.58,3.5,0,121.8,795.3,881.4,0
MN10,2016,3,Gumgaon,27.64,3.23,3.8,1,121.7,795.3,856.8,0
MN10,2016,4,Gumgaon,26.33,4.39,0.8,0,121.9,760.7,790.0,0
MN10,2016,5,Gumgaon,25.81,4.1,1.5,1,122.3,760.7,800.1,0
MN10,2016,6,Gumgaon,22.63,7.9,61.5,1,121.8,760.7,678.8,1
MN10,2016,7,Gumgaon,21.96,6.32,173.6,3,121.2,760.7,680.9,1
MN10,2016,8,Gumgaon,22.27,7.73,76.4,1,123.7,760.7,690.4,1
MN10,2016,9,Gumgaon,22.67,8.23,27.4,1,123.8,760.7,680.1,1
MN10,2016,10,Gumgaon,25.53,4.39,14.9,1,123.1,760.7,791.6,0
MN10,2016,11,Gumgaon,26.56,4.0,0.0,0,121.3,760.7,796.7,0
MN10,2016,12,Gumgaon,25.15,4.77,0.0,1,122.8,760.7,779.7,0
MN10,2017,1,Gumgaon,25.69,4.52,0.5,1,123.5,760.7,796.2,0
MN10,2017,2,Gumgaon,28.61,3.84,2.4,2,122.0,760.7,801.0,0
MN10,2017,3,Gumgaon,26.49,3.45,3.9,1,122.7,760.7,821.2,0
MN10,2017,4,Gumgaon,29.29,4.03,0.0,1,122.9,829.9,878.6,0
MN10,2017,5,Gumgaon,28.54,3.92,6.1,1,122.9,829.9,884.6,0
MN10,2017,6,Gumgaon,26.33,6.53,25.3,2,122.6,829.9,790.0,1
MN10,2017,7,Gumgaon,23.59,8.19,51.7,2,122.3,829.9,731.4,1
MN10,2017,8,Gumgaon,24.77,6.95,39.0,2,123.1,829.9,767.8,1
MN10,2017,9,Gumgaon,26.36,6.34,30.1,3,123.0,829.9,790.8,1
MN10,2017,10,Gumgaon,28.05,4.47,16.9,1,124.4,829.9,869.5,0
MN10,2017,11,Gumgaon,27.98,5.32,0.2,0,123.5,829.9,839.4,0
MN10,2017,12,Gumgaon,27.75,4.21,0.0,1,121.6,829.9,860.1,0
MN10,2018,1,Gumgaon,28.62,3.69,0.0,0,123.0,829.9,887.3,0
MN10,2018,2,Gumgaon,30.55,4.52,11.5,0,122.8,829.9,855.4,0
MN10,2018,3,Gumgaon,28.62,3.52,0.9,1,122.7,829.9,887.2,0
MN10,2018,4,Gumgaon,31.32,4.47,3.8,0,123.7,899.0,939.5,0
MN10,2018,5,Gumgaon,30.23,4.44,2.1,0,122.9,899.0,937.2,0
MN10,2018,6,Gumgaon,28.67,6.12,32.4,1,122.6,899.0,860.2,1
MN10,2018,7,Gumgaon,27.49,5.7,107.4,3,122.8,899.0,852.2,1
MN10,2018,8,Gumgaon,26.14,6.94,97.4,2,121.4,899.0,810.4,1
MN10,2018,9,Gumgaon,28.35,6.52,53.4,1,122.6,899.0,850.6,1
MN10,2018,10,Gumgaon,31.3,3.79,0.2,0,123.5,899.0,970.4,0
MN10,2018,11,Gumgaon,32.29,3.24,0.6,0,122.0,899.0,968.8,0
MN10,2018,12,Gumgaon,30.19,4.5,11.4,1,123.4,899.0,936.0,0
MN10,2019,1,Gumgaon,28.85,5.45,12.7,0,121.7,899.0,894.5,1
MN10,2019,2,Gumgaon,34.17,4.04,0.4,0,123.8,899.0,956.8,0
MN10,2019,3,Gumgaon,30.39,4.65,3.8,0,124.5,899.0,942.2,0
MN10,2019,4,Gumgaon,32.12,5.27,4.5,0,124.2,933.6,963.5,0
MN10,2019,5,Gumgaon,32.14,3.87,0.0,0,123.2,933.6,996.4,0
MN10,2019,6,Gumgaon,29.65,6.68,25.1,1,123.6,933.6,889.6,1
MN10,2019,7,Gumgaon,25.45,8.14,115.9,4,121.7,933.6,789.0,1
MN10,2019,8,Gumgaon,28.04,6.28,109.5,3,123.0,933.6,869.2,1
MN10,2019,9,Gumgaon,27.78,7.52,31.9,2,122.7,933.6,833.4,1
MN10,2019,10,Gumgaon,30.69,4.65,27.6,2,121.8,933.6,951.2,0
MN10,2019,11,Gumgaon,33.22,3.5,3.5,1,121.4,933.6,996.5,0
MN10,2019,12,Gumgaon,31.07,4.33,10.4,0,122.3,933.6,963.2,0
MN10,2020,1,Gumgaon,31.25,4.64,32.2,1,123.6,933.6,968.6,0
MN10,2020,2,Gumgaon,34.6,3.81,6.5,1,123.2,933.6,1003.3,0
MN10,2020,3,Gumgaon,31.45,4.54,5.3,1,124.1,933.6,975.0,0
MN10,2020,4,Gumgaon,30.19,4.4,0.5,0,123.7,864.5,905.8,0
MN10,2020,5,Gumgaon,28.44,5.0,0.4,0,122.0,864.5,881.7,0
MN10,2020,6,Gumgaon,25.94,7.9,41.0,1,123.5,864.5,778.1,1
MN10,2020,7,Gumgaon,25.47,7.07,27.7,2,122.6,864.5,789.6,1
MN10,2020,8,Gumgaon,23.56,8.11,279.8,3,122.0,864.5,730.4,1
MN10,2020,9,Gumgaon,24.45,8.88,32.2,1,122.4,864.5,733.6,1
MN10,2020,10,Gumgaon,28.78,4.85,16.3,1,123.8,864.5,892.2,0
MN10,2020,11,Gumgaon,30.76,4.07,0.7,1,123.0,864.5,922.8,0
MN10,2020,12,Gumgaon,28.82,4.62,0.0,0,122.4,864.5,893.4,0
MN10,2021,1,Gumgaon,28.55,4.93,0.3,0,123.1,864.5,885.0,0
MN10,2021,2,Gumgaon,32.35,4.71,1.9,1,124.7,864.5,905.8,0
MN10,2021,3,Gumgaon,29.48,4.1,0.2,1,123.0,864.5,913.8,0
MN10,2021,4,Gumgaon,30.84,5.17,3.6,0,124.5,899.0,925.1,0
MN10,2021,5,Gumgaon,30.59,4.16,5.3,1,123.7,899.0,948.2,0
MN10,2021,6,Gumgaon,28.02,6.9,34.9,1,123.5,899.0,840.5,1
MN10,2021,7,Gumgaon,26.24,6.78,62.0,4,122.2,899.0,813.3,1
MN10,2021,8,Gumgaon,27.65,6.49,29.1,3,123.6,899.0,857.3,1
MN10,2021,9,Gumgaon,26.95,7.84,34.6,1,124.0,899.0,808.4,1
MN10,2021,10,Gumgaon,30.2,4.61,10.1,0,123.7,899.0,936.2,0
MN10,2021,11,Gumgaon,30.33,4.82,14.0,2,121.8,899.0,909.9,0
MN10,2021,12,Gumgaon,30.31,4.51,10.6,1,123.7,899.0,939.6,0
MN10,2022,1,Gumgaon,29.41,4.95,12.2,1,122.2,899.0,911.8,0
MN10,2022,2,Gumgaon,32.17,5.49,2.2,0,123.0,899.0,900.8,0
MN10,2022,3,Gumgaon,29.46,5.32,0.3,1,123.6,899.0,913.3,0
MN10,2022,4,Gumgaon,32.51,4.36,0.1,0,122.9,933.6,975.2,0
MN10,2022,5,Gumgaon,31.47,4.65,1.1,0,123.3,933.6,975.4,0
MN10,2022,6,Gumgaon,28.13,7.69,38.3,1,121.9,933.6,843.9,1
MN10,2022,7,Gumgaon,23.03,7.49,73.7,8,122.6,933.6,713.9,1
MN10,2022,8,Gumgaon,27.19,7.04,81.3,3,122.8,933.6,842.9,1
MN10,2022,9,Gumgaon,27.5,8.37,33.0,1,123.6,933.6,824.9,1
MN10,2022,10,Gumgaon,30.83,4.53,19.5,0,123.4,933.6,955.6,0
MN10,2022,11,Gumgaon,32.04,4.7,0.0,1,122.4,933.6,961.2,0
MN10,2022,12,Gumgaon,31.28,4.66,3.1,0,123.3,933.6,969.8,0
MN10,2023,1,Gumgaon,30.79,5.1,0.0,1,122.4,933.6,954.4,0
MN10,2023,2,Gumgaon,34.06,5.33,0.0,0,124.4,933.6,953.6,0
MN10,2023,3,Gumgaon,31.87,4.22,14.0,1,124.0,933.6,987.8,0
MN10,2023,4,Gumgaon,37.77,4.73,48.6,1,123.2,1106.5,1133.0,0
MN10,2023,5,Gumgaon,36.5,4.89,43.5,2,123.1,1106.5,1131.4,0
MN10,2023,6,Gumgaon,33.78,7.36,29.1,2,122.3,1106.5,1013.4,1
MN10,2023,7,Gumgaon,28.24,8.81,65.5,3,120.2,1106.5,875.3,1
MN10,2023,8,Gumgaon,33.14,6.58,42.1,3,121.5,1106.5,1027.4,1
MN10,2023,9,Gumgaon,33.65,6.94,57.1,2,122.5,1106.5,1009.6,1
MN10,2023,10,Gumgaon,35.16,6.01,5.6,1,122.9,1106.5,1090.0,1
MN10,2023,11,Gumgaon,36.37,5.96,14.2,1,123.4,1106.5,1091.0,1
MN10,2023,12,Gumgaon,36.01,5.74,5.6,1,124.8,1106.5,1116.2,0
MN10,2024,1,Gumgaon,36.45,4.83,3.4,0,122.3,1106.5,1130.1,0
MN10,2024,2,Gumgaon,39.14,4.93,11.0,1,124.0,1106.5,1135.1,0
MN10,2024,3,Gumgaon,35.7,5.76,3.9,1,123.2,1106.5,1106.7,0
MN10,2024,4,Gumgaon,41.2,5.85,9.8,1,123.7,1244.8,1236.0,1
MN10,2024,5,Gumgaon,40.5,5.24,12.4,1,123.1,1244.8,1255.4,0
MN10,2024,6,Gumgaon,37.31,8.07,32.0,1,124.5,1244.8,1119.3,1
MN10,2024,7,Gumgaon,32.92,8.38,93.2,5,121.5,1244.8,1020.7,1
MN10,2024,8,Gumgaon,34.66,8.47,38.5,1,123.6,1244.8,1074.5,1
MN10,2024,9,Gumgaon,36.85,7.63,65.9,3,122.7,1244.8,1105.4,1
MN10,2024,10,Gumgaon,38.75,6.22,17.3,1,122.2,1244.8,1201.2,1
MN10,2024,11,Gumgaon,43.98,3.94,0.0,1,122.6,1244.8,1319.4,0
MN10,2024,12,Gumgaon,39.67,5.61,0.8,1,121.6,1244.8,1229.7,1
