borehole_id,mine_id,mine_name,easting,northing,depth_m,rock_type,mn_pct,fe_pct,sio2_pct,thickness_m,red,nir,swir,lst,data_origin
BG-EX-101,MN01,Balaghat,257.62,524.0,340.5,Gondite,45.2,11.73,18.1,14.5,0.1195,0.4005,0.2537,31.73,REAL_REPORTED
BG-EX-102,MN01,Balaghat,249.58,528.67,410.0,Gondite,43.8,12.69,17.4,12.8,0.1299,0.4369,0.2813,31.66,REAL_REPORTED
BG-EX-103,MN01,Balaghat,259.22,526.03,485.0,Gondite,46.0,13.11,17.71,16.2,0.1218,0.4098,0.2717,31.33,REAL_REPORTED
UK-EX-54,MN02,Ukwa,839.29,671.2,185.0,Mica Schist,41.2,16.03,18.64,8.5,0.1038,0.4265,0.2427,30.27,REAL_REPORTED
UK-EX-55,MN02,Ukwa,837.19,659.66,220.0,Mica Schist,40.5,11.8,22.13,9.1,0.0989,0.4074,0.2417,30.58,REAL_REPORTED
TR-EX-22,MN03,Tirodi,438.58,333.58,95.0,Mica Schist,39.0,14.83,21.19,11.0,0.1545,0.4233,0.2342,32.72,REAL_REPORTED
CK-EX-78,MN05,Chikla,696.97,421.69,260.0,Gondite,42.6,11.66,18.64,10.2,0.1399,0.4152,0.2542,32.29,REAL_REPORTED
CK-EX-79,MN05,Chikla,673.12,457.37,310.0,Gondite,43.1,12.45,20.66,9.8,0.1441,0.415,0.2622,32.43,REAL_REPORTED
DB-EX-41,MN06,Dongri Buzurg,937.78,299.83,120.0,Gondite,47.2,8.98,16.25,18.5,0.1746,0.4171,0.2108,34.19,REAL_REPORTED
DB-EX-42,MN06,Dongri Buzurg,897.01,292.43,150.0,Gondite,45.8,12.28,17.7,15.2,0.1747,0.4224,0.2276,34.65,REAL_REPORTED
KD-EX-33,MN08,Kandri,791.42,133.45,280.0,Gondite,43.0,11.54,19.79,8.9,0.1661,0.4273,0.2624,32.66,REAL_REPORTED
KD-EX-34,MN08,Kandri,792.02,161.16,325.0,Gondite,42.1,10.0,17.66,9.4,0.1587,0.4188,0.2629,32.77,REAL_REPORTED
GG-EX-65,MN10,Gumgaon,116.93,425.07,310.0,Gondite,43.5,11.55,21.01,11.5,0.172,0.4395,0.269,32.92,REAL_REPORTED
GG-EX-66,MN10,Gumgaon,126.66,444.86,365.0,Gondite,44.0,12.57,19.53,10.8,0.1594,0.3941,0.2421,33.14,REAL_REPORTED
BH-INF-001,MN01,Balaghat,277.78,514.92,333.07,Mica Schist,34.43,13.49,27.7,12.33,0.1237,0.4044,0.2586,30.87,CALIBRATED_EXPLORATION_INFILL
BH-INF-002,MN02,Ukwa,807.12,758.17,112.03,Quartzite,28.68,18.81,22.65,5.05,0.092,0.3956,0.2256,29.75,CALIBRATED_EXPLORATION_INFILL
BH-INF-003,MN03,Tirodi,266.75,337.11,341.78,Quartzite,18.77,28.68,28.0,5.76,0.1205,0.3837,0.309,32.38,CALIBRATED_EXPLORATION_INFILL
BH-INF-004,MN04,Sitapatore,93.87,254.79,67.78,Quartzite,25.07,20.94,23.51,3.96,0.1575,0.4354,0.2569,33.18,CALIBRATED_EXPLORATION_INFILL
BH-INF-005,MN05,Chikla,779.47,499.94,389.76,Quartzite,20.3,21.59,33.53,4.24,0.1252,0.4186,0.3528,33.2,CALIBRATED_EXPLORATION_INFILL
BH-INF-006,MN06,Dongri Buzurg,859.54,274.26,152.15,Mica Schist,33.58,12.93,21.2,13.3,0.1728,0.4032,0.2156,34.53,CALIBRATED_EXPLORATION_INFILL
BH-INF-007,MN07,Beldongri,195.93,162.85,173.73,Quartzite,18.0,25.69,29.24,2.52,0.1072,0.3726,0.2744,33.15,CALIBRATED_EXPLORATION_INFILL
BH-INF-008,MN08,Kandri,798.14,117.54,115.18,Mica Schist,34.76,11.34,21.9,9.03,0.1489,0.3967,0.2103,32.63,CALIBRATED_EXPLORATION_INFILL
BH-INF-009,MN09,Munsar,582.8,641.77,107.46,Mica Schist,35.19,13.09,21.33,6.88,0.1532,0.4183,0.2206,32.02,CALIBRATED_EXPLORATION_INFILL
BH-INF-010,MN10,Gumgaon,233.91,540.56,104.55,Quartzite,25.14,20.61,28.67,5.71,0.1353,0.3861,0.2355,34.44,CALIBRATED_EXPLORATION_INFILL
BH-INF-011,MN01,Balaghat,227.92,542.02,288.23,Mica Schist,37.62,12.74,28.67,13.7,0.1075,0.3707,0.2203,30.8,CALIBRATED_EXPLORATION_INFILL
BH-INF-012,MN02,Ukwa,979.05,694.52,99.29,Quartzite,21.08,18.76,28.22,3.77,0.0865,0.3981,0.2614,30.56,CALIBRATED_EXPLORATION_INFILL
BH-INF-013,MN03,Tirodi,284.44,360.4,149.22,Quartzite,18.0,27.01,35.06,4.17,0.1364,0.4346,0.3017,33.3,CALIBRATED_EXPLORATION_INFILL
BH-INF-014,MN04,Sitapatore,219.24,269.86,391.55,Quartzite,25.95,20.68,22.32,4.32,0.1343,0.3889,0.2947,33.25,CALIBRATED_EXPLORATION_INFILL
BH-INF-015,MN05,Chikla,636.66,326.82,201.71,Quartzite,26.28,20.8,23.76,6.0,0.1316,0.4315,0.2653,32.43,CALIBRATED_EXPLORATION_INFILL
BH-INF-016,MN06,Dongri Buzurg,994.56,303.84,194.5,Mica Schist,31.94,16.46,24.71,11.26,0.1619,0.4091,0.2367,33.65,CALIBRATED_EXPLORATION_INFILL
BH-INF-017,MN07,Beldongri,390.46,31.18,340.61,Quartzite,18.0,23.51,28.15,2.39,0.1206,0.3953,0.3443,33.79,CALIBRATED_EXPLORATION_INFILL
BH-INF-018,MN08,Kandri,768.69,258.95,110.32,Quartzite,22.8,25.13,22.18,5.21,0.1245,0.3789,0.2399,33.26,CALIBRATED_EXPLORATION_INFILL
BH-INF-019,MN09,Munsar,638.41,600.56,389.89,Quartzite,29.52,20.46,28.46,7.09,0.1297,0.4013,0.2923,33.15,CALIBRATED_EXPLORATION_INFILL
BH-INF-020,MN10,Gumgaon,144.28,389.93,132.87,Mica Schist,33.71,15.81,25.27,8.7,0.1453,0.3987,0.2272,33.71,CALIBRATED_EXPLORATION_INFILL
BH-INF-021,MN01,Balaghat,298.48,403.57,273.73,Quartzite,21.91,20.51,27.82,6.13,0.1169,0.4231,0.3079,31.67,CALIBRATED_EXPLORATION_INFILL
BH-INF-022,MN02,Ukwa,752.14,701.24,248.15,Quartzite,24.71,24.26,20.19,5.41,0.0957,0.4295,0.308,30.93,CALIBRATED_EXPLORATION_INFILL
BH-INF-023,MN03,Tirodi,322.24,374.86,338.76,Quartzite,22.83,22.43,27.35,6.68,0.1238,0.3969,0.3041,32.81,CALIBRATED_EXPLORATION_INFILL
BH-INF-024,MN04,Sitapatore,217.46,204.11,217.65,Quartzite,29.04,18.5,22.82,6.21,0.1495,0.4266,0.2691,33.65,CALIBRATED_EXPLORATION_INFILL
BH-INF-025,MN05,Chikla,794.87,383.63,102.65,Quartzite,27.48,16.77,30.12,5.46,0.1174,0.368,0.2083,32.47,CALIBRATED_EXPLORATION_INFILL
BH-INF-026,MN06,Dongri Buzurg,860.72,295.8,219.23,Mica Schist,34.67,13.86,19.94,13.4,0.1838,0.4092,0.2407,34.42,CALIBRATED_EXPLORATION_INFILL
BH-INF-027,MN07,Beldongri,374.9,179.8,299.65,Quartzite,28.52,20.43,25.92,6.48,0.1472,0.4164,0.2822,32.44,CALIBRATED_EXPLORATION_INFILL
BH-INF-028,MN08,Kandri,698.07,27.36,73.02,Quartzite,21.2,18.99,25.27,4.5,0.1471,0.415,0.2647,32.33,CALIBRATED_EXPLORATION_INFILL
BH-INF-029,MN09,Munsar,600.75,471.55,311.32,Quartzite,19.74,25.53,27.61,3.44,0.117,0.3822,0.3091,32.93,CALIBRATED_EXPLORATION_INFILL
BH-INF-030,MN10,Gumgaon,135.57,393.92,412.87,Quartzite,29.61,17.77,26.0,8.81,0.146,0.3879,0.279,32.63,CALIBRATED_EXPLORATION_INFILL
BH-INF-031,MN01,Balaghat,295.34,544.28,225.08,Mica Schist,36.16,13.43,23.78,12.16,0.123,0.4213,0.2499,31.12,CALIBRATED_EXPLORATION_INFILL
BH-INF-032,MN02,Ukwa,953.26,639.56,113.44,Quartzite,23.88,25.15,30.69,5.04,0.0816,0.3831,0.2325,30.76,CALIBRATED_EXPLORATION_INFILL
BH-INF-033,MN03,Tirodi,350.02,241.0,208.25,Quartzite,21.9,18.6,25.48,5.21,0.1343,0.4221,0.2795,33.14,CALIBRATED_EXPLORATION_INFILL
BH-INF-034,MN04,Sitapatore,88.29,179.78,312.72,Quartzite,21.15,23.71,26.36,3.53,0.1406,0.452,0.3458,33.05,CALIBRATED_EXPLORATION_INFILL
BH-INF-035,MN05,Chikla,672.34,328.54,379.11,Quartzite,27.06,20.22,23.4,6.32,0.1291,0.4217,0.308,32.01,CALIBRATED_EXPLORATION_INFILL
BH-INF-036,MN06,Dongri Buzurg,914.69,307.27,180.29,Mica Schist,39.62,8.33,21.81,16.14,0.1944,0.4179,0.2098,33.39,CALIBRATED_EXPLORATION_INFILL
BH-INF-037,MN07,Beldongri,416.04,251.12,191.37,Quartzite,20.06,23.76,26.32,5.14,0.1238,0.402,0.285,32.17,CALIBRATED_EXPLORATION_INFILL
BH-INF-038,MN08,Kandri,785.47,170.79,249.03,Mica Schist,38.2,13.75,25.89,8.59,0.1632,0.3962,0.2162,32.21,CALIBRATED_EXPLORATION_INFILL
BH-INF-039,MN09,Munsar,515.39,671.71,88.82,Quartzite,26.16,23.66,23.91,5.68,0.1215,0.3687,0.2151,32.68,CALIBRATED_EXPLORATION_INFILL
BH-INF-040,MN10,Gumgaon,89.23,453.75,271.12,Quartzite,28.46,17.0,23.51,7.9,0.1456,0.3968,0.2658,33.52,CALIBRATED_EXPLORATION_INFILL
BH-INF-041,MN01,Balaghat,231.18,570.92,254.23,Mica Schist,39.39,12.71,22.27,13.74,0.1131,0.3849,0.2163,31.09,CALIBRATED_EXPLORATION_INFILL
BH-INF-042,MN02,Ukwa,775.06,790.0,239.57,Quartzite,19.74,22.97,28.93,3.32,0.0834,0.4148,0.2984,30.51,CALIBRATED_EXPLORATION_INFILL
BH-INF-043,MN03,Tirodi,441.08,309.67,221.35,Mica Schist,34.18,13.42,24.49,9.35,0.1572,0.4267,0.2597,32.77,CALIBRATED_EXPLORATION_INFILL
BH-INF-044,MN04,Sitapatore,186.23,133.37,385.2,Quartzite,19.24,22.74,25.72,2.83,0.1185,0.3833,0.3288,34.71,CALIBRATED_EXPLORATION_INFILL
BH-INF-045,MN05,Chikla,789.57,398.97,414.45,Quartzite,23.99,18.63,24.07,6.63,0.1241,0.4048,0.3169,32.33,CALIBRATED_EXPLORATION_INFILL
BH-INF-046,MN06,Dongri Buzurg,786.69,362.76,345.73,Quartzite,22.79,20.88,28.57,7.28,0.1467,0.4108,0.3287,35.21,CALIBRATED_EXPLORATION_INFILL
BH-INF-047,MN07,Beldongri,324.03,148.52,316.77,Quartzite,28.81,17.61,27.03,5.55,0.1337,0.3912,0.2595,32.21,CALIBRATED_EXPLORATION_INFILL
BH-INF-048,MN08,Kandri,759.46,148.11,303.82,Mica Schist,37.79,11.53,26.04,8.68,0.1856,0.451,0.2579,31.46,CALIBRATED_EXPLORATION_INFILL
BH-INF-049,MN09,Munsar,527.84,586.75,202.9,Quartzite,27.62,18.33,27.06,6.11,0.1392,0.4411,0.2758,32.09,CALIBRATED_EXPLORATION_INFILL
BH-INF-050,MN10,Gumgaon,98.51,483.62,109.26,Mica Schist,33.42,14.1,23.03,7.7,0.1372,0.3779,0.1946,33.27,CALIBRATED_EXPLORATION_INFILL
BH-INF-051,MN01,Balaghat,297.98,555.35,223.18,Mica Schist,35.39,12.53,19.27,12.8,0.122,0.3984,0.2318,30.88,CALIBRATED_EXPLORATION_INFILL
BH-INF-052,MN02,Ukwa,825.88,727.09,387.26,Quartzite,29.35,21.14,24.67,5.33,0.097,0.407,0.2884,29.75,CALIBRATED_EXPLORATION_INFILL
BH-INF-053,MN03,Tirodi,390.47,459.31,262.14,Quartzite,19.61,24.61,29.26,4.83,0.1126,0.3904,0.2962,33.14,CALIBRATED_EXPLORATION_INFILL
BH-INF-054,MN04,Sitapatore,259.16,278.96,295.05,Quartzite,21.19,22.14,30.01,3.63,0.1257,0.3536,0.2717,33.2,CALIBRATED_EXPLORATION_INFILL
BH-INF-055,MN05,Chikla,651.98,428.12,245.79,Mica Schist,37.78,10.42,22.81,9.23,0.1379,0.4112,0.2388,31.41,CALIBRATED_EXPLORATION_INFILL
BH-INF-056,MN06,Dongri Buzurg,854.91,317.61,60.6,Mica Schist,33.71,13.68,23.46,11.61,0.1683,0.393,0.198,33.65,CALIBRATED_EXPLORATION_INFILL
BH-INF-057,MN07,Beldongri,331.05,317.48,176.1,Quartzite,18.0,22.04,32.84,1.99,0.1145,0.3776,0.278,33.44,CALIBRATED_EXPLORATION_INFILL
BH-INF-058,MN08,Kandri,850.03,246.97,77.05,Quartzite,24.02,21.88,28.29,5.03,0.1401,0.42,0.2684,32.55,CALIBRATED_EXPLORATION_INFILL
BH-INF-059,MN09,Munsar,495.89,566.48,365.8,Quartzite,22.73,25.28,27.3,5.38,0.1222,0.394,0.3078,32.63,CALIBRATED_EXPLORATION_INFILL
BH-INF-060,MN10,Gumgaon,83.42,399.4,414.47,Quartzite,29.41,21.25,25.53,7.06,0.1525,0.4148,0.3018,34.18,CALIBRATED_EXPLORATION_INFILL
BH-INF-061,MN01,Balaghat,280.39,555.77,184.73,Mica Schist,38.44,9.74,27.03,12.94,0.1257,0.427,0.2258,31.86,CALIBRATED_EXPLORATION_INFILL
BH-INF-062,MN02,Ukwa,873.31,709.56,309.51,Mica Schist,33.35,11.48,24.65,7.72,0.0973,0.4002,0.2504,31.11,CALIBRATED_EXPLORATION_INFILL
BH-INF-063,MN03,Tirodi,526.39,220.57,253.03,Quartzite,18.0,22.36,25.97,4.62,0.1162,0.3975,0.3166,33.68,CALIBRATED_EXPLORATION_INFILL
BH-INF-064,MN04,Sitapatore,192.13,322.69,374.6,Quartzite,20.94,20.72,29.01,2.83,0.1269,0.3974,0.3122,34.27,CALIBRATED_EXPLORATION_INFILL
BH-INF-065,MN05,Chikla,542.17,496.59,245.25,Quartzite,19.36,23.68,26.82,3.69,0.1188,0.4049,0.3038,32.98,CALIBRATED_EXPLORATION_INFILL
BH-INF-066,MN06,Dongri Buzurg,959.72,270.21,124.24,Mica Schist,39.98,7.7,18.0,14.05,0.1845,0.4243,0.2096,34.14,CALIBRATED_EXPLORATION_INFILL
BH-INF-067,MN07,Beldongri,365.16,60.26,265.18,Quartzite,18.0,22.34,26.87,2.94,0.1224,0.3933,0.2895,33.77,CALIBRATED_EXPLORATION_INFILL
BH-INF-068,MN08,Kandri,667.43,259.57,318.95,Quartzite,19.04,23.99,36.09,3.71,0.1239,0.3928,0.304,33.26,CALIBRATED_EXPLORATION_INFILL
BH-INF-069,MN09,Munsar,608.07,700.73,195.79,Quartzite,25.49,21.68,26.76,5.41,0.1264,0.3712,0.2483,33.27,CALIBRATED_EXPLORATION_INFILL
BH-INF-070,MN10,Gumgaon,242.04,364.69,160.12,Quartzite,25.1,20.48,24.75,5.13,0.1486,0.4145,0.2709,33.91,CALIBRATED_EXPLORATION_INFILL
BH-INF-071,MN01,Balaghat,138.69,553.14,99.85,Quartzite,26.72,20.46,25.38,8.35,0.1033,0.3766,0.229,32.24,CALIBRATED_EXPLORATION_INFILL
BH-INF-072,MN02,Ukwa,869.48,702.89,169.61,Mica Schist,34.11,10.49,22.6,6.5,0.0989,0.3938,0.2208,29.96,CALIBRATED_EXPLORATION_INFILL
BH-INF-073,MN03,Tirodi,299.78,249.69,324.65,Quartzite,19.71,23.8,28.13,4.1,0.1352,0.4412,0.3533,34.19,CALIBRATED_EXPLORATION_INFILL
BH-INF-074,MN04,Sitapatore,297.46,305.79,155.23,Quartzite,18.0,24.41,29.91,1.94,0.1381,0.4287,0.2932,34.27,CALIBRATED_EXPLORATION_INFILL
BH-INF-075,MN05,Chikla,680.94,514.31,148.13,Quartzite,26.67,20.88,23.92,5.73,0.1276,0.4083,0.2527,33.4,CALIBRATED_EXPLORATION_INFILL
BH-INF-076,MN06,Dongri Buzurg,974.68,339.54,105.24,Mica Schist,32.29,17.16,24.47,12.52,0.1656,0.4188,0.2291,33.93,CALIBRATED_EXPLORATION_INFILL
BH-INF-077,MN07,Beldongri,371.76,161.71,175.75,Quartzite,29.41,20.23,23.33,6.77,0.112,0.327,0.1961,31.02,CALIBRATED_EXPLORATION_INFILL
BH-INF-078,MN08,Kandri,829.07,220.17,391.44,Quartzite,25.16,23.66,24.09,5.42,0.1378,0.4323,0.3299,33.3,CALIBRATED_EXPLORATION_INFILL
BH-INF-079,MN09,Munsar,441.86,676.72,290.04,Quartzite,18.0,23.24,27.0,2.53,0.1107,0.3979,0.3148,33.33,CALIBRATED_EXPLORATION_INFILL
BH-INF-080,MN10,Gumgaon,216.15,414.63,174.9,Quartzite,28.79,19.18,21.27,8.53,0.1478,0.4046,0.2569,33.82,CALIBRATED_EXPLORATION_INFILL
BH-INF-081,MN01,Balaghat,315.2,455.35,74.49,Quartzite,24.46,20.89,25.2,8.35,0.1106,0.4263,0.2435,32.62,CALIBRATED_EXPLORATION_INFILL
BH-INF-082,MN02,Ukwa,779.25,651.05,319.12,Quartzite,27.35,21.91,24.59,6.08,0.0929,0.4001,0.2772,30.3,CALIBRATED_EXPLORATION_INFILL
BH-INF-083,MN03,Tirodi,403.73,291.47,295.99,Mica Schist,33.13,11.68,28.43,9.95,0.1362,0.3796,0.2473,31.9,CALIBRATED_EXPLORATION_INFILL
BH-INF-084,MN04,Sitapatore,174.0,257.64,109.92,Mica Schist,31.0,15.22,25.88,5.75,0.1255,0.3564,0.2011,32.07,CALIBRATED_EXPLORATION_INFILL
BH-INF-085,MN05,Chikla,640.72,380.49,175.38,Mica Schist,33.99,12.7,25.34,8.2,0.1334,0.3888,0.2142,32.09,CALIBRATED_EXPLORATION_INFILL
BH-INF-086,MN06,Dongri Buzurg,1011.8,160.07,176.0,Quartzite,23.86,21.83,24.53,8.38,0.1462,0.3809,0.247,34.66,CALIBRATED_EXPLORATION_INFILL
BH-INF-087,MN07,Beldongri,335.06,23.13,335.28,Quartzite,18.0,21.22,33.1,4.03,0.1247,0.4089,0.3323,33.26,CALIBRATED_EXPLORATION_INFILL
BH-INF-088,MN08,Kandri,795.05,225.92,353.78,Quartzite,29.66,19.51,21.62,6.06,0.1421,0.3961,0.278,33.8,CALIBRATED_EXPLORATION_INFILL
BH-INF-089,MN09,Munsar,552.1,643.06,419.5,Quartzite,29.22,22.15,30.79,7.28,0.1333,0.397,0.2936,33.47,CALIBRATED_EXPLORATION_INFILL
BH-INF-090,MN10,Gumgaon,133.1,579.61,378.55,Quartzite,21.66,19.64,29.74,4.68,0.1451,0.4159,0.3333,33.65,CALIBRATED_EXPLORATION_INFILL
BH-INF-091,MN01,Balaghat,361.24,544.43,419.79,Quartzite,24.99,22.14,28.24,9.29,0.1057,0.412,0.3208,32.42,CALIBRATED_EXPLORATION_INFILL
BH-INF-092,MN02,Ukwa,781.0,770.9,343.49,Quartzite,20.62,25.13,29.17,4.01,0.0744,0.3952,0.3213,30.71,CALIBRATED_EXPLORATION_INFILL
BH-INF-093,MN03,Tirodi,449.1,292.35,94.59,Mica Schist,31.5,12.69,26.45,9.5,0.1371,0.3963,0.2182,32.43,CALIBRATED_EXPLORATION_INFILL
BH-INF-094,MN04,Sitapatore,229.37,120.23,120.48,Quartzite,21.05,21.02,27.35,1.94,0.1421,0.4258,0.2796,34.31,CALIBRATED_EXPLORATION_INFILL
BH-INF-095,MN05,Chikla,680.82,363.96,241.5,Mica Schist,31.94,10.15,20.82,8.94,0.1375,0.4095,0.2482,32.2,CALIBRATED_EXPLORATION_INFILL
BH-INF-096,MN06,Dongri Buzurg,940.2,319.85,356.32,Mica Schist,36.38,13.26,21.42,14.8,0.1761,0.4295,0.2733,34.36,CALIBRATED_EXPLORATION_INFILL
BH-INF-097,MN07,Beldongri,390.43,312.96,139.49,Quartzite,18.0,20.99,27.02,2.66,0.1246,0.3918,0.2602,34.28,CALIBRATED_EXPLORATION_INFILL
BH-INF-098,MN08,Kandri,758.37,133.96,235.03,Mica Schist,36.23,12.67,19.06,8.04,0.1638,0.4083,0.2327,32.82,CALIBRATED_EXPLORATION_INFILL
BH-INF-099,MN09,Munsar,521.06,594.89,303.59,Quartzite,28.1,17.69,24.77,6.19,0.1375,0.4306,0.2971,33.12,CALIBRATED_EXPLORATION_INFILL
BH-INF-100,MN10,Gumgaon,229.64,415.86,81.42,Mica Schist,31.83,12.15,23.0,8.88,0.1413,0.3903,0.2175,32.91,CALIBRATED_EXPLORATION_INFILL
BH-INF-101,MN01,Balaghat,279.6,583.44,369.7,Mica Schist,34.05,12.0,30.0,11.73,0.118,0.3963,0.2672,31.84,CALIBRATED_EXPLORATION_INFILL
BH-INF-102,MN02,Ukwa,971.57,768.13,98.67,Quartzite,18.0,21.55,32.64,2.14,0.0819,0.4157,0.2763,31.62,CALIBRATED_EXPLORATION_INFILL
BH-INF-103,MN03,Tirodi,398.69,335.22,176.62,Mica Schist,32.91,15.0,22.63,10.33,0.1491,0.4065,0.2333,32.14,CALIBRATED_EXPLORATION_INFILL
BH-INF-104,MN04,Sitapatore,250.63,293.4,175.59,Quartzite,22.93,24.27,23.69,4.46,0.1241,0.4014,0.2605,33.26,CALIBRATED_EXPLORATION_INFILL
BH-INF-105,MN05,Chikla,816.59,358.62,200.94,Quartzite,18.45,26.27,25.79,4.72,0.1159,0.4155,0.3063,32.51,CALIBRATED_EXPLORATION_INFILL
BH-INF-106,MN06,Dongri Buzurg,980.47,320.9,119.78,Mica Schist,34.15,14.98,22.3,12.45,0.1704,0.4132,0.2269,34.36,CALIBRATED_EXPLORATION_INFILL
BH-INF-107,MN07,Beldongri,289.47,89.52,78.93,Quartzite,23.47,22.46,24.89,3.75,0.1326,0.4073,0.2381,32.48,CALIBRATED_EXPLORATION_INFILL
BH-INF-108,MN08,Kandri,779.03,126.31,366.77,Mica Schist,33.45,13.9,24.68,9.01,0.166,0.4165,0.2654,32.88,CALIBRATED_EXPLORATION_INFILL
BH-INF-109,MN09,Munsar,610.82,668.96,338.97,Quartzite,24.87,22.82,21.73,6.28,0.1289,0.4011,0.3045,32.39,CALIBRATED_EXPLORATION_INFILL
BH-INF-110,MN10,Gumgaon,208.3,492.98,351.95,Mica Schist,30.76,10.27,23.87,7.97,0.1361,0.3764,0.2614,32.1,CALIBRATED_EXPLORATION_INFILL
BH-INF-111,MN01,Balaghat,318.74,438.17,162.38,Quartzite,24.85,20.94,27.15,8.67,0.1125,0.3888,0.2539,32.46,CALIBRATED_EXPLORATION_INFILL
BH-INF-112,MN02,Ukwa,796.57,630.63,74.43,Mica Schist,30.28,12.04,25.78,6.52,0.0937,0.4175,0.2352,29.42,CALIBRATED_EXPLORATION_INFILL
BH-INF-113,MN03,Tirodi,447.77,248.51,410.79,Quartzite,26.06,25.76,23.74,7.84,0.1313,0.3895,0.2978,33.29,CALIBRATED_EXPLORATION_INFILL
BH-INF-114,MN04,Sitapatore,333.77,179.18,74.54,Quartzite,18.0,23.5,28.15,2.74,0.1345,0.4383,0.2859,33.13,CALIBRATED_EXPLORATION_INFILL
BH-INF-115,MN05,Chikla,639.19,410.91,389.67,Mica Schist,32.81,13.33,26.81,8.34,0.1448,0.4075,0.2836,32.58,CALIBRATED_EXPLORATION_INFILL
BH-INF-116,MN06,Dongri Buzurg,1048.6,366.55,372.23,Quartzite,22.41,23.65,27.63,6.79,0.16,0.4111,0.3215,34.99,CALIBRATED_EXPLORATION_INFILL
BH-INF-117,MN07,Beldongri,417.35,122.99,409.85,Quartzite,22.22,21.65,26.86,2.31,0.1305,0.3783,0.2993,32.89,CALIBRATED_EXPLORATION_INFILL
BH-INF-118,MN08,Kandri,658.16,192.94,395.05,Quartzite,23.66,22.55,21.65,4.28,0.131,0.4115,0.3263,33.68,CALIBRATED_EXPLORATION_INFILL
BH-INF-119,MN09,Munsar,593.42,776.23,77.68,Quartzite,18.19,22.59,30.68,2.93,0.1178,0.4103,0.27,33.63,CALIBRATED_EXPLORATION_INFILL
BH-INF-120,MN10,Gumgaon,52.47,360.93,371.09,Quartzite,23.89,20.11,32.48,6.48,0.1344,0.3957,0.3052,34.32,CALIBRATED_EXPLORATION_INFILL
BH-INF-121,MN01,Balaghat,289.2,637.27,175.46,Quartzite,28.61,21.47,26.56,8.73,0.105,0.3814,0.2353,32.05,CALIBRATED_EXPLORATION_INFILL
BH-INF-122,MN02,Ukwa,814.98,680.52,247.04,Mica Schist,33.41,8.49,22.47,7.51,0.0855,0.3722,0.2236,29.87,CALIBRATED_EXPLORATION_INFILL
BH-INF-123,MN03,Tirodi,386.31,280.5,78.3,Mica Schist,33.66,13.17,22.68,9.89,0.1405,0.3921,0.2052,32.95,CALIBRATED_EXPLORATION_INFILL
BH-INF-124,MN04,Sitapatore,128.25,159.07,368.24,Quartzite,23.61,22.38,28.81,5.08,0.1442,0.4198,0.3209,33.07,CALIBRATED_EXPLORATION_INFILL
BH-INF-125,MN05,Chikla,672.35,329.52,225.5,Quartzite,25.17,21.39,28.74,5.17,0.1211,0.3967,0.268,31.4,CALIBRATED_EXPLORATION_INFILL
BH-INF-126,MN06,Dongri Buzurg,954.16,270.32,115.59,Gondite,41.36,12.04,21.06,15.48,0.182,0.4176,0.204,34.44,CALIBRATED_EXPLORATION_INFILL
BH-INF-127,MN07,Beldongri,392.25,249.53,158.43,Quartzite,21.89,21.22,24.87,4.19,0.1225,0.377,0.2494,32.31,CALIBRATED_EXPLORATION_INFILL
BH-INF-128,MN08,Kandri,652.92,192.85,355.4,Quartzite,20.4,23.45,27.11,5.03,0.1429,0.44,0.3527,32.49,CALIBRATED_EXPLORATION_INFILL
BH-INF-129,MN09,Munsar,619.6,662.64,217.98,Quartzite,29.68,16.58,25.63,5.3,0.1226,0.3613,0.2277,33.39,CALIBRATED_EXPLORATION_INFILL
BH-INF-130,MN10,Gumgaon,29.13,345.42,380.32,Quartzite,18.96,25.31,30.81,4.28,0.1389,0.4111,0.3377,33.01,CALIBRATED_EXPLORATION_INFILL
BH-INF-131,MN01,Balaghat,155.76,517.96,361.18,Quartzite,29.7,20.95,19.66,8.62,0.1245,0.4168,0.2955,32.38,CALIBRATED_EXPLORATION_INFILL
BH-INF-132,MN02,Ukwa,841.36,755.74,278.27,Quartzite,27.09,19.07,27.03,4.92,0.085,0.3884,0.2701,29.74,CALIBRATED_EXPLORATION_INFILL
BH-INF-133,MN03,Tirodi,458.53,254.02,305.28,Quartzite,24.97,22.72,25.29,7.83,0.1237,0.3771,0.2771,33.2,CALIBRATED_EXPLORATION_INFILL
BH-INF-134,MN04,Sitapatore,171.32,272.22,407.23,Quartzite,26.83,17.75,26.21,5.29,0.1292,0.3709,0.2828,33.51,CALIBRATED_EXPLORATION_INFILL
BH-INF-135,MN05,Chikla,729.81,421.35,265.62,Quartzite,29.66,21.76,23.29,8.15,0.1152,0.3676,0.24,31.96,CALIBRATED_EXPLORATION_INFILL
BH-INF-136,MN06,Dongri Buzurg,947.0,346.76,130.38,Mica Schist,32.21,11.69,24.83,11.45,0.1686,0.4064,0.2243,34.7,CALIBRATED_EXPLORATION_INFILL
BH-INF-137,MN07,Beldongri,343.87,329.22,322.73,Quartzite,18.0,25.98,24.53,3.37,0.1256,0.4039,0.3219,33.73,CALIBRATED_EXPLORATION_INFILL
BH-INF-138,MN08,Kandri,827.83,10.93,155.77,Quartzite,20.63,22.92,25.99,3.94,0.1322,0.4065,0.2879,34.99,CALIBRATED_EXPLORATION_INFILL
BH-INF-139,MN09,Munsar,593.09,641.2,290.13,Mica Schist,33.95,13.96,26.62,8.61,0.1591,0.4216,0.2605,33.31,CALIBRATED_EXPLORATION_INFILL
BH-INF-140,MN10,Gumgaon,103.92,407.31,333.59,Mica Schist,31.18,16.54,19.99,8.68,0.1359,0.3706,0.251,33.47,CALIBRATED_EXPLORATION_INFILL
BH-INF-141,MN01,Balaghat,249.45,415.13,163.63,Quartzite,24.55,21.5,25.9,6.52,0.0999,0.3899,0.2556,31.79,CALIBRATED_EXPLORATION_INFILL
BH-INF-142,MN02,Ukwa,845.39,625.65,304.07,Quartzite,29.95,20.22,19.57,5.92,0.0844,0.378,0.2383,30.44,CALIBRATED_EXPLORATION_INFILL
BH-INF-143,MN03,Tirodi,312.11,337.83,415.19,Quartzite,20.61,22.79,28.43,6.08,0.1276,0.4027,0.3507,33.3,CALIBRATED_EXPLORATION_INFILL
BH-INF-144,MN04,Sitapatore,187.87,158.31,181.27,Quartzite,27.96,18.91,24.58,4.96,0.1572,0.4246,0.2676,32.76,CALIBRATED_EXPLORATION_INFILL
BH-INF-145,MN05,Chikla,663.95,442.61,371.44,Mica Schist,36.17,14.41,21.27,9.22,0.137,0.375,0.2458,31.29,CALIBRATED_EXPLORATION_INFILL
BH-INF-146,MN06,Dongri Buzurg,937.26,187.21,148.45,Quartzite,27.08,18.49,24.59,10.83,0.1673,0.4381,0.2668,33.61,CALIBRATED_EXPLORATION_INFILL
BH-INF-147,MN07,Beldongri,287.31,115.95,132.55,Quartzite,23.1,17.82,29.53,4.04,0.1266,0.3883,0.2482,32.29,CALIBRATED_EXPLORATION_INFILL
BH-INF-148,MN08,Kandri,812.35,208.1,136.24,Mica Schist,32.18,13.04,29.71,6.14,0.1397,0.3894,0.2241,33.0,CALIBRATED_EXPLORATION_INFILL
BH-INF-149,MN09,Munsar,492.63,525.88,377.58,Quartzite,19.49,20.58,27.59,3.77,0.1086,0.3836,0.3182,32.56,CALIBRATED_EXPLORATION_INFILL
BH-INF-150,MN10,Gumgaon,182.19,496.43,148.69,Mica Schist,33.82,14.87,21.66,8.18,0.1668,0.4179,0.2343,33.49,CALIBRATED_EXPLORATION_INFILL
BH-INF-151,MN01,Balaghat,348.24,487.48,166.21,Quartzite,24.98,22.39,30.02,8.8,0.0921,0.3765,0.2411,31.34,CALIBRATED_EXPLORATION_INFILL
BH-INF-152,MN02,Ukwa,802.95,575.65,86.67,Quartzite,22.33,19.99,29.79,4.53,0.0881,0.4014,0.2533,32.16,CALIBRATED_EXPLORATION_INFILL
BH-INF-153,MN03,Tirodi,333.84,320.44,283.1,Quartzite,25.32,21.52,23.02,6.25,0.1072,0.3513,0.2466,33.52,CALIBRATED_EXPLORATION_INFILL
BH-INF-154,MN04,Sitapatore,31.09,226.08,228.6,Quartzite,18.92,23.92,30.76,1.46,0.1336,0.394,0.2887,33.73,CALIBRATED_EXPLORATION_INFILL
BH-INF-155,MN05,Chikla,800.19,444.61,265.19,Quartzite,22.93,21.18,26.96,4.82,0.1174,0.4018,0.2913,32.49,CALIBRATED_EXPLORATION_INFILL
BH-INF-156,MN06,Dongri Buzurg,963.4,250.82,240.08,Mica Schist,35.48,9.57,19.36,14.26,0.1613,0.3908,0.2273,34.34,CALIBRATED_EXPLORATION_INFILL
BH-INF-157,MN07,Beldongri,498.8,170.29,249.64,Quartzite,18.0,25.08,31.39,1.27,0.1246,0.4172,0.312,32.61,CALIBRATED_EXPLORATION_INFILL
BH-INF-158,MN08,Kandri,937.29,135.18,386.2,Quartzite,19.79,21.06,29.64,3.7,0.127,0.3948,0.3252,33.62,CALIBRATED_EXPLORATION_INFILL
BH-INF-159,MN09,Munsar,517.41,728.07,179.04,Quartzite,20.92,19.98,25.09,4.62,0.1278,0.3923,0.2775,33.18,CALIBRATED_EXPLORATION_INFILL
BH-INF-160,MN10,Gumgaon,178.46,507.65,296.11,Mica Schist,30.76,15.59,23.14,8.83,0.1419,0.3721,0.2421,34.01,CALIBRATED_EXPLORATION_INFILL
BH-INF-161,MN01,Balaghat,172.99,578.91,85.85,Mica Schist,32.09,14.55,24.0,10.32,0.1196,0.4174,0.2232,31.31,CALIBRATED_EXPLORATION_INFILL
BH-INF-162,MN02,Ukwa,832.29,569.01,275.79,Quartzite,21.57,23.76,31.51,3.51,0.0821,0.4284,0.3107,29.98,CALIBRATED_EXPLORATION_INFILL
BH-INF-163,MN03,Tirodi,538.8,333.82,218.1,Quartzite,21.9,22.7,23.23,5.1,0.1151,0.3773,0.2695,33.8,CALIBRATED_EXPLORATION_INFILL
BH-INF-164,MN04,Sitapatore,232.45,234.37,140.49,Quartzite,25.61,20.23,23.35,5.0,0.1384,0.3974,0.2434,33.93,CALIBRATED_EXPLORATION_INFILL
BH-INF-165,MN05,Chikla,822.73,375.53,64.34,Quartzite,21.57,23.23,25.19,4.11,0.1215,0.4238,0.2824,32.99,CALIBRATED_EXPLORATION_INFILL
BH-INF-166,MN06,Dongri Buzurg,827.95,332.69,265.86,Quartzite,26.9,18.62,28.44,9.25,0.1547,0.3762,0.2553,35.34,CALIBRATED_EXPLORATION_INFILL
